1,Spencer Strider,281,2023,24,ATL,NL,20,5,.800,25,3.86,32,32,0,0,0,186.2,146,85,80,22,58,1,281,9,2,6,763,115,2.85,1.093,7.0,1.1,2.8,13.5,4.84,,stridsp01
2,Kevin Gausman,237,2023,32,TOR,AL,12,9,.571,21,3.16,31,31,0,0,0,185.0,163,72,65,19,55,0,237,3,2,3,763,134,2.97,1.178,7.9,0.9,2.7,11.5,4.31,,gausmke01
3,Pablo López,234,2023,27,MIN,AL,11,8,.579,19,3.66,32,32,1,1,0,194.0,176,81,79,24,48,1,234,9,0,7,801,117,3.33,1.155,8.2,1.1,2.2,10.9,4.88,,lopezpa01
4,Blake Snell,234,2023,30,SDP,NL,14,9,.609,23,2.25,32,32,0,0,0,180.0,115,47,45,15,99,0,234,3,2,13,742,182,3.44,1.189,5.8,0.8,5.0,11.7,2.36,,snellbl01
5,Gerrit Cole,222,2023,32,NYY,AL,15,4,.789,19,2.63,33,33,2,2,0,209.0,157,64,61,20,48,0,222,7,1,4,821,165,3.16,0.981,6.8,0.9,2.1,9.6,4.63,,colege01
6,Zac Gallen,220,2023,27,ARI,NL,17,9,.654,26,3.47,34,34,1,1,0,210.0,188,87,81,22,47,0,220,5,1,8,846,125,3.26,1.119,8.1,0.9,2.0,9.4,4.68,,galleza01
7,Luis Castillo,219,2023,30,SEA,AL,14,9,.609,23,3.34,33,33,0,0,0,197.0,160,81,73,28,56,0,219,5,0,3,802,121,3.81,1.096,7.3,1.3,2.6,10.0,3.91,,castilu02
8,Dylan Cease,214,2023,27,CHW,AL,7,9,.438,16,4.58,33,33,0,0,0,177.0,172,98,90,19,79,3,214,9,0,14,784,97,3.72,1.418,8.7,1.0,4.0,10.9,2.71,,ceasedy01
9,Zack Wheeler,212,2023,33,PHI,NL,13,6,.684,19,3.61,32,32,0,0,0,192.0,168,82,77,20,39,0,212,9,0,1,787,119,3.15,1.078,7.9,0.9,1.8,9.9,5.44,,wheelza01
10,Mitch Keller,210,2023,27,PIT,NL,13,9,.591,22,4.21,32,32,1,1,0,194.1,187,97,91,25,55,0,210,12,1,5,825,105,3.80,1.245,8.7,1.2,2.5,9.7,3.82,,kellemi03
11,Freddy Peralta,210,2023,27,MIL,NL,12,10,.545,22,3.86,30,30,0,0,0,165.2,131,77,71,26,54,0,210,6,1,6,680,112,3.85,1.117,7.1,1.4,2.9,11.4,3.89,,peralfr01
12,Jesús Luzardo,208,2023,25,MIA,NL,10,10,.500,20,3.58,32,32,0,0,0,178.2,162,79,71,22,55,1,208,6,1,7,741,125,3.55,1.215,8.2,1.1,2.8,10.5,3.78,,luzarje01
13,Lucas Giolito,204,2023,28,CHWCLELAA,AL,8,15,.348,23,4.88,33,33,0,0,0,184.1,169,110,100,41,73,2,204,9,0,5,794,91,5.27,1.313,8.3,2.0,3.6,10.0,2.79,,giolilu01
14,Aaron Nola,202,2023,30,PHI,NL,12,9,.571,21,4.46,32,32,0,0,0,193.2,178,105,96,32,45,0,202,1,0,2,793,96,4.03,1.151,8.3,1.5,2.1,9.4,4.49,,nolaaa01
15,Kodai Senga,202,2023,30,NYM,NL,12,7,.632,19,2.98,29,29,0,0,0,166.1,126,60,55,17,77,0,202,5,1,14,694,142,3.63,1.220,6.8,0.9,4.2,10.9,2.62,,sengako01
16,Corbin Burnes,200,2023,28,MIL,NL,10,8,.556,18,3.39,32,32,0,0,0,193.2,141,77,73,22,66,0,200,8,1,10,784,127,3.81,1.069,6.6,1.0,3.1,9.3,3.03,,burneco01
17,Framber Valdez,200,2023,29,HOU,AL,12,11,.522,23,3.45,31,31,2,2,0,198.0,166,86,76,19,57,0,200,10,0,6,808,122,3.50,1.126,7.5,0.9,2.6,9.1,3.51,,valdefr01
18,Joe Ryan,197,2023,27,MIN,AL,11,10,.524,21,4.51,29,29,1,1,0,161.2,155,83,81,32,34,0,197,6,0,3,672,95,4.13,1.169,8.6,1.8,1.9,11.0,5.79,,ryanjo04
19,Logan Webb,194,2023,26,SFG,NL,11,13,.458,24,3.25,33,33,2,1,0,216.0,201,83,78,20,31,0,194,5,0,1,850,130,3.16,1.074,8.4,0.8,1.3,8.1,6.26,,webblo01
20,Lance Lynn,191,2023,36,CHWLAD,ALNL,13,11,.542,24,5.73,32,32,0,0,0,183.2,189,127,117,44,67,1,191,9,0,3,808,77,5.53,1.394,9.3,2.2,3.3,9.4,2.85,,lynnla01
21,Logan Gilbert,189,2023,26,SEA,AL,13,7,.650,20,3.73,32,32,1,1,0,190.2,169,82,79,29,36,1,189,2,0,6,770,108,3.85,1.075,8.0,1.4,1.7,8.9,5.25,,gilbelo01
22,Merrill Kelly,187,2023,34,ARI,NL,12,8,.600,20,3.29,30,30,0,0,0,177.2,143,71,65,20,69,0,187,4,4,3,722,132,3.85,1.193,7.2,1.0,3.5,9.5,2.71,,kellyme01
23,Chris Bassitt,186,2023,34,TOR,AL,16,8,.667,24,3.60,33,33,1,1,0,200.0,176,88,80,28,59,2,186,12,3,4,826,118,4.28,1.175,7.9,1.3,2.7,8.4,3.15,,bassich01
24,Zach Eflin,186,2023,29,TBR,AL,16,8,.667,24,3.50,31,31,0,0,0,177.2,158,69,69,19,24,1,186,3,0,0,703,119,3.01,1.024,8.0,1.0,1.2,9.4,7.75,,eflinza01
25,José Berríos,184,2023,29,TOR,AL,11,12,.478,23,3.65,32,32,0,0,0,189.2,173,82,77,25,52,3,184,9,1,4,782,116,3.99,1.186,8.2,1.2,2.5,8.7,3.54,1,berrijo01
26,Sonny Gray,183,2023,33,MIN,AL,8,8,.500,16,2.79,32,32,0,0,0,184.0,156,59,57,8,55,0,183,6,1,6,754,154,2.83,1.147,7.6,0.4,2.7,9.0,3.33,,grayso01
27,Charlie Morton,183,2023,39,ATL,NL,14,12,.538,26,3.64,30,30,0,0,0,163.1,150,70,66,14,83,2,183,12,2,4,716,122,3.87,1.427,8.3,0.8,4.6,10.1,2.20,,mortoch02
28,Yusei Kikuchi,181,2023,32,TOR,AL,11,6,.647,17,3.86,32,32,0,0,0,167.2,165,78,72,27,48,0,181,4,0,7,700,110,4.12,1.270,8.9,1.4,2.6,9.7,3.77,,kikucyu01
29,Hunter Brown,178,2023,24,HOU,AL,11,13,.458,24,5.09,31,29,0,0,0,155.2,157,94,88,26,55,0,178,9,0,4,665,83,4.37,1.362,9.1,1.5,3.2,10.3,3.24,,brownhu01
30,Justin Steele,176,2023,27,CHC,NL,16,5,.762,21,3.06,30,30,0,0,0,173.1,167,71,59,14,36,0,176,7,1,9,716,146,3.02,1.171,8.7,0.7,1.9,9.1,4.89,,steelju01
31,Max Scherzer,174,2023,38,NYMTEX,ALNL,13,6,.684,19,3.77,27,27,0,0,0,152.2,126,65,64,28,45,0,174,4,0,2,621,114,4.32,1.120,7.4,1.7,2.7,10.3,3.87,,scherma01
32,George Kirby,172,2023,25,SEA,AL,13,10,.565,23,3.35,31,31,1,0,0,190.2,179,74,71,22,19,1,172,6,0,1,757,120,3.34,1.038,8.4,1.0,0.9,8.1,9.05,,kirbyge01
33,Kyle Bradish,168,2023,26,BAL,AL,12,7,.632,19,2.83,30,30,0,0,0,168.2,132,54,53,14,44,0,168,8,0,9,671,146,3.27,1.043,7.0,0.7,2.3,9.0,3.82,,bradiky01
34,Reid Detmers,168,2023,23,LAA,AL,4,10,.286,14,4.48,28,28,0,0,0,148.2,141,81,74,19,60,2,168,13,0,7,644,100,4.13,1.352,8.5,1.2,3.6,10.2,2.80,,detmere01
35,Shohei Ohtani,167,2023,28,LAA,AL,10,5,.667,15,3.14,23,23,1,1,0,132.0,85,50,46,18,55,0,167,11,0,12,531,142,4.00,1.061,5.8,1.2,3.8,11.4,3.04,*D1,ohtansh01
36,Jordan Montgomery,166,2023,30,STLTEX,ALNL,10,11,.476,21,3.20,32,32,0,0,0,188.2,177,75,67,18,48,0,166,4,0,6,777,138,3.56,1.193,8.4,0.9,2.3,7.9,3.46,,montgjo01
37,Tyler Glasnow,162,2023,29,TBR,AL,10,7,.588,17,3.53,21,21,0,0,0,120.0,93,52,47,13,37,0,162,1,0,11,485,118,2.91,1.083,7.0,1.0,2.8,12.2,4.38,,glasnty01
38,JP Sears,161,2023,27,OAK,AL,5,14,.263,19,4.54,32,32,0,0,0,172.1,165,90,87,34,53,2,161,16,0,2,735,90,5.15,1.265,8.6,1.8,2.8,8.4,3.04,,searsjp01
39,Cristian Javier,159,2023,26,HOU,AL,10,5,.667,15,4.56,31,31,0,0,0,162.0,143,85,82,25,62,0,159,7,0,4,687,92,4.58,1.265,7.9,1.4,3.4,8.8,2.56,,javiecr01
40,Johan Oviedo,158,2023,25,PIT,NL,9,14,.391,23,4.31,32,32,1,1,0,177.2,161,91,85,19,83,1,158,13,3,7,781,103,4.49,1.373,8.2,1.0,4.2,8.0,1.90,,oviedjo01
41,Kyle Gibson,157,2023,35,BAL,AL,15,9,.625,24,4.73,33,33,0,0,0,192.0,198,101,101,23,55,0,157,6,0,8,807,87,4.13,1.318,9.3,1.1,2.6,7.4,2.85,1,gibsoky01
42,Dean Kremer,157,2023,27,BAL,AL,13,5,.722,18,4.12,32,32,0,0,0,172.2,171,85,79,27,55,0,157,5,0,5,735,100,4.51,1.309,8.9,1.4,2.9,8.2,2.85,,kremede01
43,Braxton Garrett,156,2023,25,MIA,NL,9,7,.563,16,3.66,31,30,0,0,0,159.2,154,68,65,20,29,0,156,11,0,4,659,122,3.68,1.146,8.7,1.1,1.6,8.8,5.38,,garrebr01
44,Hunter Greene,152,2023,23,CIN,NL,4,7,.364,11,4.82,22,22,0,0,0,112.0,111,65,60,19,48,0,152,8,0,5,498,95,4.25,1.420,8.9,1.5,3.9,12.2,3.17,,greenhu01
45,Sandy Alcántara,151,2023,27,MIA,NL,7,12,.368,19,4.14,28,28,3,1,0,184.2,176,91,85,22,48,0,151,5,1,4,762,108,4.03,1.213,8.6,1.1,2.3,7.4,3.15,,alcansa01
46,MacKenzie Gore,151,2023,24,WSN,NL,7,10,.412,17,4.42,27,27,0,0,0,136.1,134,71,67,27,57,0,151,1,0,6,582,97,4.89,1.401,8.8,1.8,3.8,10.0,2.65,,gorema01
47,Andrew Heaney,151,2023,32,TEX,AL,10,6,.625,16,4.15,34,28,0,0,0,147.1,143,74,68,23,60,0,151,10,0,3,641,107,4.66,1.378,8.7,1.4,3.7,9.2,2.52,,heanean01
48,Clarke Schmidt,149,2023,27,NYY,AL,9,9,.500,18,4.64,33,32,0,0,0,159.0,169,91,82,24,46,0,149,11,2,11,694,93,4.42,1.352,9.6,1.4,2.6,8.4,3.24,,schmicl01
49,Jack Flaherty,148,2023,27,BALSTL,ALNL,8,9,.471,17,4.99,29,27,0,0,0,144.1,162,83,80,17,66,2,148,12,0,8,650,86,4.36,1.580,10.1,1.1,4.1,9.2,2.24,,flaheja01
50,Bailey Ober,146,2023,27,MIN,AL,8,6,.571,14,3.43,26,26,0,0,0,144.1,125,58,55,22,29,0,146,7,0,1,577,125,3.96,1.067,7.8,1.4,1.8,9.1,5.03,,oberba01
51,Justin Verlander,144,2023,40,HOUNYM,ALNL,13,8,.619,21,3.22,27,27,0,0,0,162.1,139,63,58,18,45,0,144,5,0,5,669,131,3.85,1.133,7.7,1.0,2.5,8.0,3.20,,verlaju01
52,Josiah Gray,143,2023,25,WSN,NL,8,13,.381,21,3.91,30,30,0,0,0,159.0,152,72,69,22,80,1,143,9,0,9,698,110,4.93,1.459,8.6,1.2,4.5,8.1,1.79,,grayjo03
53,Eduardo Rodríguez,143,2023,30,DET,AL,13,9,.591,22,3.30,26,26,0,0,0,152.2,128,59,56,15,48,0,143,3,0,3,621,134,3.66,1.153,7.5,0.9,2.8,8.4,2.98,,rodried05
54,Jon Gray,142,2023,31,TEX,AL,9,8,.529,17,4.12,29,29,1,0,0,157.1,149,75,72,22,54,1,142,9,0,4,656,108,4.47,1.290,8.5,1.3,3.1,8.1,2.63,1,grayjo02
55,Tanner Bibee,141,2023,24,CLE,AL,10,4,.714,14,2.98,25,25,0,0,0,142.0,122,49,47,13,45,0,141,5,2,7,585,140,3.52,1.176,7.7,0.8,2.9,8.9,3.13,,bibeeta01
56,Yu Darvish,141,2023,36,SDP,NL,8,10,.444,18,4.56,24,24,0,0,0,136.1,134,71,69,18,43,0,141,8,1,1,574,90,4.03,1.298,8.8,1.2,2.8,9.3,3.28,,darviyu01
57,Dane Dunning,140,2023,28,TEX,AL,12,7,.632,19,3.70,35,26,0,0,0,172.2,163,73,71,20,55,0,140,10,0,6,722,121,4.27,1.263,8.5,1.0,2.9,7.3,2.55,,dunnida01
58,Seth Lugo,140,2023,33,SDP,NL,8,7,.533,15,3.57,26,26,0,0,0,146.1,140,62,58,19,36,0,140,3,0,3,604,115,3.83,1.203,8.6,1.2,2.2,8.6,3.89,,lugose01
59,Jameson Taillon,140,2023,31,CHC,NL,8,10,.444,18,4.84,30,29,0,0,1,154.1,156,96,83,27,41,0,140,5,0,2,655,93,4.61,1.276,9.1,1.6,2.4,8.2,3.41,,taillja01
60,Griffin Canning,139,2023,27,LAA,AL,7,8,.467,15,4.32,24,22,0,0,0,127.0,121,62,61,22,36,1,139,5,0,4,536,103,4.29,1.236,8.6,1.6,2.6,9.9,3.86,,cannigr01
61,Taijuan Walker,138,2023,30,PHI,NL,15,6,.714,21,4.38,31,31,0,0,0,172.2,155,87,84,20,71,1,138,8,1,3,733,98,4.53,1.309,8.1,1.0,3.7,7.2,1.94,,walketa01
62,Clayton Kershaw,137,2023,35,LAD,NL,13,5,.722,18,2.46,24,24,0,0,0,131.2,100,39,36,19,40,0,137,3,2,6,523,177,4.03,1.063,6.8,1.3,2.7,9.4,3.43,,kershcl01
63,Miles Mikolas,137,2023,34,STL,NL,9,13,.409,22,4.78,35,35,0,0,0,201.1,226,110,107,26,39,0,137,8,0,4,860,91,4.27,1.316,10.1,1.2,1.7,6.1,3.51,,mikolmi01
64,Kutter Crawford,135,2023,27,BOS,AL,6,8,.429,14,4.04,31,23,0,0,0,129.1,107,59,58,17,36,0,135,5,0,4,527,113,3.83,1.106,7.4,1.2,2.5,9.4,3.75,1/H,crawfku01
65,Michael Kopech,134,2023,27,CHW,AL,5,12,.294,17,5.43,30,27,0,0,0,129.1,115,80,78,29,91,0,134,11,0,9,591,82,6.46,1.593,8.0,2.0,6.3,9.3,1.47,,kopecmi01
66,Brady Singer,133,2023,26,KCR,AL,8,11,.421,19,5.52,29,29,0,0,0,159.2,182,102,98,20,49,0,133,8,0,3,702,80,4.29,1.447,10.3,1.1,2.8,7.5,2.71,,singebr01
67,Brayan Bello,132,2023,24,BOS,AL,12,11,.522,23,4.24,28,28,0,0,0,157.0,165,77,74,24,45,0,132,6,0,1,668,107,4.54,1.338,9.5,1.4,2.6,7.6,2.93,,bellobr01
68,Nathan Eovaldi,132,2023,33,TEX,AL,12,5,.706,17,3.63,25,25,2,1,0,144.0,117,59,58,15,47,0,132,6,0,2,577,123,3.88,1.139,7.3,0.9,2.9,8.3,2.81,,eovalna01
69,Ken Waldichuk,132,2023,25,OAK,AL,4,9,.308,13,5.36,35,22,0,0,1,141.0,149,93,84,24,71,1,132,9,1,7,639,76,5.30,1.560,9.5,1.5,4.5,8.4,1.86,,waldike01
70,Alex Cobb,131,2023,35,SFG,NL,7,7,.500,14,3.87,28,28,2,1,0,151.1,163,69,65,19,37,0,131,6,5,7,646,109,4.01,1.322,9.7,1.1,2.2,7.8,3.54,,cobbal01
71,Taj Bradley,129,2023,22,TBR,AL,5,8,.385,13,5.59,23,21,0,0,0,104.2,106,69,65,23,39,0,129,1,0,6,460,75,4.79,1.385,9.1,2.0,3.4,11.1,3.31,,bradlta01
72,Rich Hill,129,2023,43,PITSDP,NL,8,14,.364,22,5.41,32,27,0,0,0,146.1,165,98,88,23,58,0,129,7,1,2,660,81,4.87,1.524,10.1,1.4,3.6,7.9,2.22,,hillri01
73,Grayson Rodriguez,129,2023,23,BAL,AL,7,4,.636,11,4.35,23,23,0,0,0,122.0,121,62,59,16,42,0,129,2,0,4,515,95,3.93,1.336,8.9,1.2,3.1,9.5,3.07,,rodrigr01
74,Bryce Elder,128,2023,24,ATL,NL,12,4,.750,16,3.81,31,31,0,0,0,174.2,160,79,74,19,63,0,128,8,1,11,732,116,4.42,1.277,8.2,1.0,3.2,6.6,2.03,,elderbr01
75,David Peterson,128,2023,27,NYM,NL,3,8,.273,11,5.03,27,21,1,0,0,111.0,124,64,62,16,50,0,128,6,0,6,492,84,4.34,1.568,10.1,1.3,4.1,10.4,2.56,,peterda01
76,Patrick Sandoval,128,2023,26,LAA,AL,7,13,.350,20,4.11,28,28,0,0,0,144.2,145,89,66,12,74,2,128,4,0,5,652,109,4.18,1.514,9.0,0.7,4.6,8.0,1.73,,sandopa02
77,Chris Sale,125,2023,34,BOS,AL,6,5,.545,11,4.30,20,20,0,0,0,102.2,87,52,49,15,29,0,125,8,0,3,425,106,3.80,1.130,7.6,1.3,2.5,11.0,4.31,,salech01
78,Patrick Corbin,124,2023,33,WSN,NL,10,15,.400,25,5.20,32,32,0,0,0,180.0,210,113,104,33,57,0,124,4,0,6,790,83,5.28,1.483,10.5,1.7,2.9,6.2,2.18,,corbipa01
79,Michael Wacha,124,2023,31,SDP,NL,14,4,.778,18,3.22,24,24,0,0,0,134.1,113,49,48,15,43,0,124,3,1,3,553,127,3.89,1.161,7.6,1.0,2.9,8.3,2.88,,wachami01
80,Shane McClanahan,121,2023,26,TBR,AL,11,2,.846,13,3.29,21,21,0,0,0,115.0,95,42,42,15,41,0,121,0,0,1,469,127,3.92,1.183,7.4,1.2,3.2,9.5,2.95,,mcclash01
81,Andrew Abbott,120,2023,24,CIN,NL,8,6,.571,14,3.87,21,21,0,0,0,109.1,100,47,47,16,44,0,120,1,1,1,459,118,4.20,1.317,8.2,1.3,3.6,9.9,2.73,,abbotan01
82,Jordan Lyles,120,2023,32,KCR,AL,6,17,.261,23,6.28,31,31,3,0,0,177.2,176,130,124,39,45,0,120,6,0,10,748,70,5.62,1.244,8.9,2.0,2.3,6.1,2.67,,lylesjo01
83,Logan Allen,119,2023,24,CLE,AL,7,8,.467,15,3.81,24,24,0,0,0,125.1,127,55,53,16,48,0,119,1,0,1,537,109,4.19,1.396,9.1,1.1,3.4,8.5,2.48,,allenlo02
84,Tyler Anderson,119,2023,33,LAA,AL,6,6,.500,12,5.43,27,25,0,0,0,141.0,146,90,85,20,64,1,119,7,2,6,629,82,4.92,1.489,9.3,1.3,4.1,7.6,1.86,,anderty01
85,Bobby Miller,119,2023,24,LAD,NL,11,4,.733,15,3.76,22,22,0,0,0,124.1,105,53,52,12,32,0,119,6,0,10,505,116,3.51,1.102,7.6,0.9,2.3,8.6,3.72,,millebo06
86,Bryce Miller,119,2023,24,SEA,AL,8,7,.533,15,4.32,25,25,0,0,0,131.1,124,64,63,18,26,0,119,7,0,2,537,93,3.98,1.142,8.5,1.2,1.8,8.2,4.58,,millebr04
87,Marcus Stroman,119,2023,32,CHC,NL,10,9,.526,19,3.95,27,25,1,1,0,136.2,120,68,60,9,52,0,119,3,0,3,575,113,3.58,1.259,7.9,0.6,3.4,7.8,2.29,,stromma01
88,Ranger Suárez,119,2023,27,PHI,NL,4,6,.400,10,4.18,22,22,0,0,0,125.0,129,59,58,13,48,0,119,2,0,4,540,103,3.90,1.416,9.3,0.9,3.5,8.6,2.48,,suarera01
89,Edward Cabrera,118,2023,25,MIA,NL,7,7,.500,14,4.24,22,20,0,0,0,99.2,78,48,47,11,66,0,118,4,3,1,434,106,4.43,1.445,7.0,1.0,6.0,10.7,1.79,,cabreed02
90,Kenta Maeda,117,2023,35,MIN,AL,6,8,.429,14,4.23,21,20,0,0,0,104.1,94,50,49,17,28,0,117,3,0,2,428,102,4.02,1.169,8.1,1.5,2.4,10.1,4.18,,maedake01
91,Julio Urías,117,2023,26,LAD,NL,11,8,.579,19,4.60,21,21,0,0,0,117.1,112,61,60,24,24,0,117,6,1,2,482,95,4.69,1.159,8.6,1.8,1.8,9.0,4.88,,uriasju01
92,Tyler Wells,117,2023,28,BAL,AL,7,6,.538,13,3.64,25,20,0,0,1,118.2,83,50,48,25,34,0,117,4,2,3,470,113,4.98,0.986,6.3,1.9,2.6,8.9,3.44,,wellsty01
93,Aaron Civale,116,2023,28,CLETBR,AL,7,5,.583,12,3.46,23,23,0,0,0,122.1,109,47,47,12,33,0,116,5,0,5,504,121,3.57,1.161,8.0,0.9,2.4,8.5,3.52,,civalaa01
94,Domingo Germán,114,2023,30,NYY,AL,5,7,.417,12,4.56,20,19,1,1,0,108.2,83,61,55,20,34,0,114,6,0,2,444,95,4.65,1.077,6.9,1.7,2.8,9.4,3.35,,germado01
95,Graham Ashcraft,111,2023,25,CIN,NL,7,9,.438,16,4.76,26,26,0,0,0,145.2,148,78,77,23,52,0,111,10,1,3,624,96,5.06,1.373,9.1,1.4,3.2,6.9,2.13,,ashcrgr01
96,Michael Lorenzen,111,2023,31,DETPHI,ALNL,9,9,.500,18,4.18,29,25,1,1,1,153.0,138,76,71,20,47,0,111,2,1,4,624,105,4.46,1.209,8.1,1.2,2.8,6.5,2.36,,lorenmi01
97,Trevor Williams,111,2023,31,WSN,NL,6,10,.375,16,5.55,30,30,0,0,0,144.1,178,97,89,34,53,1,111,5,2,0,659,78,5.98,1.600,11.1,2.1,3.3,6.9,2.09,,willitr01
98,Mike Clevinger,110,2023,32,CHW,AL,9,9,.500,18,3.77,24,24,2,0,0,131.1,121,56,55,16,40,0,110,9,0,6,549,118,4.28,1.226,8.3,1.1,2.7,7.5,2.75,,clevimi01
99,Colin Rea,110,2023,32,MIL,NL,6,6,.500,12,4.55,26,22,0,0,0,124.2,110,65,63,23,38,0,110,4,1,2,517,95,4.90,1.187,7.9,1.7,2.7,7.9,2.89,,reaco01
100,Luke Weaver,109,2023,29,CINNYYSEA,ALNL,3,6,.333,9,6.40,29,25,0,0,0,123.2,155,90,88,29,40,0,109,4,0,3,563,70,5.61,1.577,11.3,2.1,2.9,7.9,2.73,,weavelu01
101,Eury Pérez,108,2023,20,MIA,NL,5,6,.455,11,3.15,19,19,0,0,0,91.1,72,35,32,15,31,0,108,2,1,6,374,142,4.11,1.128,7.1,1.5,3.1,10.6,3.48,,perezeu02
102,Shane Bieber,107,2023,28,CLE,AL,6,6,.500,12,3.80,21,21,1,0,0,128.0,124,56,54,14,34,0,107,3,1,8,533,110,3.87,1.234,8.7,1.0,2.4,7.5,3.15,,biebesh01
103,Luis Medina,106,2023,24,OAK,AL,3,10,.231,13,5.42,23,17,0,0,0,109.2,109,73,66,14,57,2,106,8,2,11,495,75,4.76,1.514,8.9,1.1,4.7,8.7,1.86,,medinlu02
104,Tylor Megill,105,2023,27,NYM,NL,9,8,.529,17,4.70,25,25,0,0,0,126.1,141,76,66,18,58,0,105,6,0,8,567,90,4.96,1.575,10.0,1.3,4.1,7.5,1.81,,megilty01
105,Paul Blackburn,104,2023,29,OAK,AL,4,7,.364,11,4.43,21,20,0,0,0,103.2,117,54,51,11,43,1,104,3,0,1,464,92,3.96,1.543,10.2,1.0,3.7,9.0,2.42,,blackpa01
106,Reese Olson,103,2023,23,DET,AL,5,7,.417,12,3.99,21,18,0,0,0,103.2,83,49,46,14,33,0,103,1,1,4,422,111,4.01,1.119,7.2,1.2,2.9,8.9,3.12,,olsonre01
107,Tarik Skubal,102,2023,26,DET,AL,7,3,.700,10,2.80,15,15,0,0,0,80.1,58,28,25,4,14,0,102,3,0,1,310,158,2.00,0.896,6.5,0.4,1.6,11.4,7.29,,skubata01
108,J.P. France,101,2023,28,HOU,AL,11,6,.647,17,3.83,24,23,0,0,0,136.1,138,64,58,19,47,0,101,2,0,6,581,110,4.66,1.357,9.1,1.3,3.1,6.7,2.15,,francjp01
109,James Paxton,101,2023,34,BOS,AL,7,5,.583,12,4.50,19,19,0,0,0,96.0,93,51,48,18,33,0,101,2,0,5,411,101,4.68,1.313,8.7,1.7,3.1,9.5,3.06,,paxtoja01
110,Tanner Houck,99,2023,27,BOS,AL,6,10,.375,16,5.01,21,21,0,0,0,106.0,104,61,59,14,41,0,99,6,0,1,463,91,4.43,1.368,8.8,1.2,3.5,8.4,2.41,,houckta01
111,Jake Irvin,99,2023,26,WSN,NL,3,7,.300,10,4.61,24,24,0,0,0,121.0,118,66,62,20,54,0,99,8,1,2,530,93,5.30,1.421,8.8,1.5,4.0,7.4,1.83,,irvinja01
112,Steven Matz,98,2023,32,STL,NL,4,7,.364,11,3.86,25,17,0,0,0,105.0,108,48,45,11,32,0,98,3,2,2,449,113,3.75,1.333,9.3,0.9,2.7,8.4,3.06,,matzst01
113,Joey Wentz,98,2023,25,DET,AL,3,13,.188,16,6.90,25,19,0,0,0,105.2,131,87,81,25,47,0,98,0,2,2,492,64,5.81,1.685,11.2,2.1,4.0,8.3,2.09,,wentzjo01
114,Brandon Williamson,98,2023,25,CIN,NL,5,5,.500,10,4.46,23,23,0,0,0,117.0,111,63,58,18,39,0,98,2,2,4,491,102,4.63,1.282,8.5,1.4,3.0,7.5,2.51,,willibr02
115,Zack Greinke,97,2023,39,KCR,AL,2,15,.118,17,5.06,30,27,0,0,0,142.1,158,82,80,25,23,0,97,4,1,2,593,87,4.74,1.272,10.0,1.6,1.5,6.1,4.22,1,greinza01
116,Joe Musgrove,97,2023,30,SDP,NL,10,3,.769,13,3.05,17,17,0,0,0,97.1,90,35,33,10,21,1,97,9,1,2,399,134,3.52,1.140,8.3,0.9,1.9,9.0,4.62,,musgrjo01
117,Adrian Houser,96,2023,30,MIL,NL,8,5,.615,13,4.12,23,21,0,0,0,111.1,121,56,51,13,34,0,96,1,0,2,481,105,3.99,1.392,9.8,1.1,2.7,7.8,2.82,,housead01
118,Ryne Nelson,96,2023,25,ARI,NL,8,8,.500,16,5.31,29,27,0,0,0,144.0,159,87,85,24,46,0,96,1,1,6,619,82,5.07,1.424,9.9,1.5,2.9,6.0,2.09,,nelsory01
119,Cristopher Sánchez,96,2023,26,PHI,NL,3,5,.375,8,3.44,19,18,0,0,0,99.1,88,44,38,16,16,0,96,3,0,3,396,125,3.99,1.047,8.0,1.4,1.4,8.7,6.00,,sanchcr01
120,Kyle Freeland,94,2023,30,COL,NL,6,14,.300,20,5.03,29,29,0,0,0,155.2,187,96,87,29,42,0,94,1,0,2,677,100,5.30,1.471,10.8,1.7,2.4,5.4,2.24,,freelky01
121,Brandon Pfaadt,94,2023,24,ARI,NL,3,9,.250,12,5.72,19,18,0,0,0,96.0,109,63,61,22,26,0,94,3,0,0,421,76,5.18,1.406,10.2,2.1,2.4,8.8,3.62,,pfaadbr01
122,Kyle Hendricks,93,2023,33,CHC,NL,6,8,.429,14,3.74,24,24,0,0,0,137.0,138,68,57,13,27,0,93,4,0,0,578,120,3.81,1.204,9.1,0.9,1.8,6.1,3.44,,hendrky01
123,Bryan Woo,93,2023,23,SEA,AL,4,5,.444,9,4.21,18,18,0,0,0,87.2,75,44,41,13,31,1,93,7,0,1,371,96,4.36,1.209,7.7,1.3,3.2,9.5,3.00,,woobr01
124,Austin Gomber,87,2023,29,COL,NL,9,9,.500,18,5.50,27,27,0,0,0,139.0,164,88,85,26,43,1,87,3,0,5,603,92,5.43,1.489,10.6,1.7,2.8,5.6,2.02,,gombeau01
125,Touki Toussaint,85,2023,27,CHWCLE,AL,4,7,.364,11,4.97,20,16,0,0,0,87.0,69,48,48,10,57,0,85,7,1,3,384,90,5.00,1.448,7.1,1.0,5.9,8.8,1.49,,toussto01
126,Tony Gonsolin,82,2023,29,LAD,NL,8,5,.615,13,4.98,20,20,0,0,0,103.0,86,61,57,19,40,1,82,7,0,2,435,87,5.43,1.223,7.5,1.7,3.5,7.2,2.05,,gonsoto01
127,Gavin Williams,81,2023,23,CLE,AL,3,5,.375,8,3.29,16,16,0,0,0,82.0,66,32,30,8,37,1,81,4,0,3,345,127,4.05,1.256,7.2,0.9,4.1,8.9,2.19,,williga01
128,Max Fried,80,2023,29,ATL,NL,8,1,.889,9,2.55,14,14,1,1,0,77.2,70,24,22,7,18,0,80,2,0,3,311,174,3.14,1.133,8.1,0.8,2.1,9.3,4.44,,friedma01
129,Anthony DeSclafani,79,2023,33,SFG,NL,4,8,.333,12,4.88,19,18,0,0,0,99.2,105,59,54,15,20,0,79,4,0,3,419,87,4.35,1.254,9.5,1.4,1.8,7.1,3.95,,desclan01
130,Ben Lively,79,2023,31,CIN,NL,4,7,.364,11,5.38,19,12,0,0,0,88.2,96,53,53,20,25,0,79,3,0,1,383,85,5.35,1.365,9.7,2.0,2.5,8.0,3.16,,livelbe01
131,Alek Manoah,79,2023,25,TOR,AL,3,9,.250,12,5.87,19,19,0,0,0,87.1,93,61,57,15,59,1,79,9,3,3,415,72,6.01,1.740,9.6,1.5,6.1,8.1,1.34,,manoaal01
132,Wade Miley,79,2023,36,MIL,NL,9,4,.692,13,3.14,23,23,0,0,0,120.1,99,44,42,16,38,0,79,3,0,2,490,137,4.69,1.139,7.4,1.2,2.8,5.9,2.08,,mileywa01
133,Luis Severino,79,2023,29,NYY,AL,4,8,.333,12,6.65,19,18,0,0,0,89.1,113,73,66,23,34,1,79,5,3,1,417,65,6.14,1.646,11.4,2.3,3.4,8.0,2.32,,severlu01
134,Brandon Woodruff,74,2023,30,MIL,NL,5,1,.833,6,2.28,11,11,1,1,0,67.0,40,17,17,9,15,0,74,3,0,0,253,189,3.60,0.821,5.4,1.2,2.0,9.9,4.93,,woodrbr01
135,Matthew Boyd,73,2023,32,DET,AL,5,5,.500,10,5.45,15,15,0,0,0,71.0,69,46,43,11,25,0,73,2,0,2,303,81,4.35,1.324,8.7,1.4,3.2,9.3,2.92,,boydma01
136,Michael Grove,73,2023,26,LAD,NL,2,3,.400,5,6.13,18,12,0,0,0,69.0,83,47,47,12,19,0,73,3,0,3,302,71,4.36,1.478,10.8,1.6,2.5,9.5,3.84,,grovemi01
137,Zach Davies,72,2023,30,ARI,NL,2,5,.286,7,7.00,18,18,0,0,0,82.1,98,67,64,10,39,0,72,2,0,0,377,62,4.58,1.664,10.7,1.1,4.3,7.9,1.85,,davieza02
138,Nestor Cortes,67,2023,28,NYY,AL,5,2,.714,7,4.97,12,12,0,0,0,63.1,59,36,35,11,20,0,67,3,0,0,266,87,4.49,1.247,8.4,1.6,2.8,9.5,3.35,,cortene01
139,Carlos Carrasco,66,2023,36,NYM,NL,3,8,.273,11,6.80,20,20,0,0,0,90.0,115,71,68,18,38,0,66,6,1,3,417,62,5.86,1.700,11.5,1.8,3.8,6.6,1.74,,carraca01
140,Chase Anderson,64,2023,35,COLTBR,ALNL,1,6,.143,7,5.42,19,17,0,0,1,86.1,90,53,52,17,33,0,64,7,0,1,372,93,5.72,1.425,9.4,1.8,3.4,6.7,1.94,,anderch01
141,Tommy Henry,64,2023,25,ARI,NL,5,4,.556,9,4.15,17,16,0,0,0,89.0,86,42,41,12,35,2,64,4,0,1,381,105,4.88,1.360,8.7,1.2,3.5,6.5,1.83,,henryto01
142,Carlos Rodón,64,2023,30,NYY,AL,3,8,.273,11,6.85,14,14,0,0,0,64.1,65,51,49,15,28,0,64,4,0,9,286,63,5.79,1.446,9.1,2.1,3.9,9.0,2.29,,rodonca01
143,Emmet Sheehan,64,2023,23,LAD,NL,4,1,.800,5,4.92,13,11,0,0,1,60.1,46,33,33,11,26,0,64,1,0,1,248,89,4.85,1.193,6.9,1.6,3.9,9.5,2.46,,sheehem01
144,Brandon Bielak,62,2023,27,HOU,AL,5,6,.455,11,3.83,15,13,0,0,0,80.0,86,43,34,12,36,0,62,5,0,3,353,110,5.19,1.525,9.7,1.4,4.1,7.0,1.72,,bielabr01
145,Bailey Falter,60,2023,26,PHIPIT,NL,2,9,.182,11,5.36,18,14,0,0,0,80.2,94,55,48,17,20,0,60,0,0,0,347,82,5.25,1.413,10.5,1.9,2.2,6.7,3.00,,falteba01
146,José Quintana,60,2023,34,NYM,NL,3,6,.333,9,3.57,13,13,0,0,0,75.2,75,33,30,5,24,0,60,1,0,2,319,118,3.52,1.308,8.9,0.6,2.9,7.1,2.50,,quintjo01
147,Luis Ortiz,59,2023,24,PIT,NL,5,5,.500,10,4.78,18,15,0,0,0,86.2,99,50,46,13,48,0,59,2,0,3,400,93,5.57,1.696,10.3,1.4,5.0,6.1,1.23,,ortizlu03
148,Alex Faedo,58,2023,27,DET,AL,2,5,.286,7,4.45,15,12,0,0,0,64.2,48,35,32,12,20,0,58,1,0,3,262,100,4.85,1.052,6.7,1.7,2.8,8.1,2.90,,faedoal01
149,Cal Quantrill,58,2023,28,CLE,AL,4,7,.364,11,5.24,19,19,0,0,0,99.2,111,59,58,11,35,0,58,7,0,6,444,80,4.79,1.465,10.0,1.0,3.2,5.2,1.66,,quantca01
150,James Kaprielian,57,2023,29,OAK,AL,2,6,.250,8,6.34,14,11,0,0,0,61.0,66,45,43,9,31,1,57,5,0,3,280,64,5.07,1.590,9.7,1.3,4.6,8.4,1.84,,kaprija01
151,Kyle Muller,56,2023,25,OAK,AL,1,5,.167,6,7.60,21,13,0,0,0,77.0,112,65,65,16,39,1,56,3,1,3,372,54,6.14,1.961,13.1,1.9,4.6,6.5,1.44,,mulleky01
152,Noah Syndergaard,56,2023,30,CLELAD,ALNL,2,6,.250,8,6.50,18,18,0,0,0,88.2,104,65,64,22,19,0,56,10,0,0,391,66,6.20,1.387,10.6,2.2,1.9,5.7,2.95,,syndeno01
153,Adam Wainwright,55,2023,41,STL,NL,5,11,.313,16,7.40,21,21,0,0,0,101.0,151,89,83,20,41,0,55,1,0,1,484,59,5.99,1.901,13.5,1.8,3.7,4.9,1.34,1/HD,wainwad01
154,Ty Blach,50,2023,32,COL,NL,3,3,.500,6,5.54,20,13,0,0,0,78.0,104,51,48,15,24,0,50,6,0,1,352,91,5.63,1.641,12.0,1.7,2.8,5.8,2.08,,blachty01
155,Matt Manning,50,2023,25,DET,AL,5,4,.556,9,3.58,15,15,0,0,0,78.0,60,37,31,11,21,0,50,5,0,0,316,124,4.81,1.038,6.9,1.3,2.4,5.8,2.38,,mannima02
156,Julio Teherán,50,2023,32,MIL,NL,3,5,.375,8,4.40,14,11,0,0,0,71.2,68,36,35,13,13,0,50,4,2,1,288,98,4.93,1.130,8.5,1.6,1.6,6.3,3.85,,teherju01
157,Joan Adon,48,2023,24,WSN,NL,2,4,.333,6,6.45,12,10,0,0,0,51.2,60,37,37,8,24,3,48,3,0,6,240,67,4.98,1.626,10.5,1.4,4.2,8.4,2.00,,adonjo01
158,Nick Lodolo,47,2023,25,CIN,NL,2,1,.667,3,6.29,7,7,0,0,0,34.1,50,24,24,10,10,1,47,7,0,2,166,73,5.79,1.748,13.1,2.6,2.6,12.3,4.70,,lodolni01
159,Drew Rasmussen,47,2023,27,TBR,AL,4,2,.667,6,2.62,8,8,0,0,0,44.2,36,13,13,2,11,0,47,1,0,2,177,160,2.54,1.052,7.3,0.4,2.2,9.5,4.27,,rasmudr01
160,Jacob deGrom,45,2023,35,TEX,AL,2,0,1.000,2,2.67,6,6,0,0,0,30.1,19,11,9,2,4,0,45,0,0,1,115,169,1.54,0.758,5.6,0.6,1.2,13.4,11.25,,degroja01
161,José Urquidy,45,2023,28,HOU,AL,3,3,.500,6,5.29,16,10,0,0,1,63.0,65,37,37,11,25,0,45,2,1,0,275,80,5.38,1.429,9.3,1.6,3.6,6.4,1.80,,urquijo01
162,Dakota Hudson,45,2023,28,STL,NL,6,3,.667,9,4.98,18,12,0,0,0,81.1,88,46,45,9,34,0,45,6,0,5,354,88,5.06,1.500,9.7,1.0,3.8,5.0,1.32,,hudsoda02
163,Eric Lauer,43,2023,28,MIL,NL,4,6,.400,10,6.56,10,9,0,0,0,46.2,54,39,34,16,24,0,43,0,0,0,211,66,7.41,1.671,10.4,3.1,4.6,8.3,1.79,,lauerer01
164,Ryan Weathers,43,2023,23,MIASDP,NL,1,8,.111,9,6.55,15,12,0,0,0,57.2,68,44,42,12,29,0,43,1,0,1,257,64,6.03,1.682,10.6,1.9,4.5,6.7,1.48,,weathry01
165,Corey Kluber,42,2023,37,BOS,AL,3,6,.333,9,7.04,15,9,0,0,1,55.0,69,47,43,17,21,0,42,4,0,1,257,65,7.11,1.636,11.3,2.8,3.4,6.9,2.00,,klubeco01
166,Johnny Cueto,39,2023,37,MIA,NL,1,4,.200,5,6.02,13,10,0,0,0,52.1,51,36,35,17,15,0,39,3,0,0,218,75,7.02,1.261,8.8,2.9,2.6,6.7,2.60,,cuetojo01
167,José Buttó,38,2023,25,NYM,NL,1,4,.200,5,3.64,9,7,0,0,0,42.0,33,17,17,3,23,0,38,0,0,0,179,117,4.02,1.333,7.1,0.6,4.9,8.1,1.65,,buttojo01
168,Ryan Feltner,38,2023,26,COL,NL,2,4,.333,6,5.82,10,10,0,0,0,43.1,45,29,28,2,28,0,38,2,2,0,201,87,4.18,1.685,9.3,0.4,5.8,7.9,1.36,,feltnry01
169,Mason Miller,38,2023,24,OAK,AL,0,3,.000,3,3.78,10,6,0,0,0,33.1,24,15,14,2,16,0,38,3,0,3,139,109,3.47,1.200,6.5,0.5,4.3,10.3,2.38,,millema03
170,Hyun Jin Ryu,38,2023,36,TOR,AL,3,3,.500,6,3.46,11,11,0,0,0,52.0,53,25,20,9,14,0,38,1,0,1,224,123,4.91,1.288,9.2,1.6,2.4,6.6,2.71,,ryuhy01
171,Vince Velasquez,37,2023,31,PIT,NL,4,4,.500,8,3.86,8,8,0,0,0,37.1,35,16,16,4,14,0,37,1,0,2,162,116,3.87,1.313,8.4,1.0,3.4,8.9,2.64,,velasvi01
172,Quinn Priester,36,2023,22,PIT,NL,3,3,.500,6,7.74,10,8,0,0,0,50.0,58,43,43,12,27,0,36,3,0,5,234,58,6.74,1.700,10.4,2.2,4.9,6.5,1.33,,priesqu01
173,Kyle Harrison,35,2023,21,SFG,NL,1,1,.500,2,4.15,7,7,0,0,0,34.2,29,19,16,8,11,0,35,4,0,0,147,102,5.53,1.154,7.5,2.1,2.9,9.1,3.18,,harriky01
174,Marco Gonzales,34,2023,31,SEA,AL,4,1,.800,5,5.22,10,10,0,0,0,50.0,55,32,29,5,18,0,34,0,0,0,215,78,4.28,1.460,9.9,0.9,3.2,6.1,1.89,,gonzama02
175,Daniel Lynch IV,34,2023,26,KCR,AL,3,4,.429,7,4.64,9,9,0,0,0,52.1,50,29,27,9,16,0,34,1,1,1,223,96,5.17,1.261,8.6,1.5,2.8,5.8,2.13,,lynchda02
176,Dustin May,34,2023,25,LAD,NL,4,1,.800,5,2.63,9,9,0,0,0,48.0,29,14,14,1,16,0,34,2,0,1,187,167,3.23,0.938,5.4,0.2,3.0,6.4,2.13,,maydu01
177,Allan Winans,34,2023,27,ATL,NL,1,2,.333,3,5.29,6,6,0,0,0,32.1,37,19,19,5,8,1,34,2,0,0,141,85,4.09,1.392,10.3,1.4,2.2,9.5,4.25,,winanal01
178,Kyle Wright,34,2023,27,ATL,NL,1,3,.250,4,6.97,9,7,0,0,0,31.0,40,26,24,5,17,0,34,4,0,2,155,64,5.19,1.839,11.6,1.5,4.9,9.9,2.00,,wrighky01
179,Joey Lucchesi,32,2023,30,NYM,NL,4,0,1.000,4,2.89,9,9,0,0,0,46.2,44,17,15,4,17,0,32,2,1,1,195,147,4.22,1.307,8.5,0.8,3.3,6.2,1.88,,lucchjo01
180,Drew Rom,32,2023,23,STL,NL,1,4,.200,5,8.02,8,8,0,0,0,33.2,51,34,30,7,19,0,32,0,0,1,170,55,5.75,2.079,13.6,1.9,5.1,8.6,1.68,,romdr01
181,Luis García Jr.,31,2023,26,HOU,AL,2,2,.500,4,4.00,6,6,0,0,0,27.0,25,12,12,3,10,0,31,1,1,0,115,106,3.63,1.296,8.3,1.0,3.3,10.3,3.10,,garcilu05
182,Brad Keller,31,2023,27,KCR,AL,3,4,.429,7,4.57,11,9,0,0,0,45.1,42,26,23,3,45,0,31,3,0,7,211,97,5.92,1.919,8.3,0.6,8.9,6.2,0.69,,kellebr01
183,Matt Waldron,31,2023,26,SDP,NL,1,3,.250,4,4.35,8,6,0,0,0,41.1,39,20,20,9,12,0,31,0,0,0,173,94,5.46,1.234,8.5,2.0,2.6,6.8,2.58,,waldrma01
184,Jared Shuster,30,2023,24,ATL,NL,4,3,.571,7,5.81,11,11,0,0,0,52.2,53,34,34,7,26,0,30,1,0,3,230,77,5.38,1.500,9.1,1.2,4.4,5.1,1.15,,shustja01
185,Michael Soroka,29,2023,25,ATL,NL,2,2,.500,4,6.40,7,6,0,0,0,32.1,36,23,23,9,12,0,29,4,0,2,145,70,6.56,1.485,10.0,2.5,3.3,8.1,2.42,,sorokmi01
186,José Ureña,29,2023,31,CHWCOL,ALNL,0,7,.000,7,6.45,10,10,0,0,0,44.2,50,37,32,13,22,0,29,1,0,2,203,74,7.28,1.612,10.1,2.6,4.4,5.8,1.32,,urenajo01
187,Tyler Mahle,28,2023,28,MIN,AL,1,2,.333,3,3.16,5,5,0,0,0,25.2,22,11,9,5,5,0,28,0,0,0,102,138,4.19,1.052,7.7,1.8,1.8,9.8,5.60,,mahlety01
188,José Suarez,28,2023,25,LAA,AL,1,3,.250,4,8.29,11,7,0,0,0,33.2,46,32,31,10,20,1,28,1,0,2,165,54,7.32,1.960,12.3,2.7,5.3,7.5,1.40,,suarejo01
189,Peyton Battenfield,27,2023,25,CLE,AL,0,5,.000,5,5.19,7,6,0,0,0,34.2,34,22,20,7,12,0,27,0,0,1,146,81,5.36,1.327,8.8,1.8,3.1,7.0,2.25,,battepe01
190,Noah Davis,26,2023,26,COL,NL,0,4,.000,4,8.70,8,6,0,0,0,30.0,43,30,29,6,15,0,26,4,1,4,146,59,6.02,1.933,12.9,1.8,4.5,7.8,1.73,,davisno01
191,Sawyer Gipson-Long,26,2023,25,DET,AL,1,0,1.000,1,2.70,4,4,0,0,0,20.0,14,7,6,2,8,0,26,0,0,0,82,166,3.16,1.100,6.3,0.9,3.6,11.7,3.25,,gipsosa01
192,Connor Phillips,26,2023,22,CIN,NL,1,1,.500,2,6.97,5,5,0,0,0,20.2,18,16,16,5,13,0,26,1,0,2,96,66,5.92,1.500,7.8,2.2,5.7,11.3,2.00,,phillco01
193,Dallas Keuchel,25,2023,35,MIN,AL,2,1,.667,3,5.97,10,6,0,0,0,37.2,45,25,25,3,18,0,25,2,0,2,172,72,4.56,1.673,10.8,0.7,4.3,6.0,1.39,,keuchda01
194,Hunter Gaddis,24,2023,25,CLE,AL,2,1,.667,3,4.50,11,7,0,0,0,42.0,41,21,21,6,14,0,24,4,0,1,182,93,5.26,1.310,8.8,1.3,3.0,5.1,1.71,,gaddihu01
195,Jeffrey Springs,24,2023,30,TBR,AL,2,0,1.000,2,0.56,3,3,0,0,0,16.0,4,1,1,1,4,0,24,0,0,0,55,755,1.82,0.500,2.3,0.6,2.3,13.5,6.00,,sprinje01
196,Spencer Turnbull,24,2023,30,DET,AL,1,4,.200,5,7.26,7,7,0,0,0,31.0,37,26,25,5,15,0,24,3,0,2,145,61,5.55,1.677,10.7,1.5,4.4,7.0,1.60,,turnbsp01
197,Jordan Wicks,24,2023,23,CHC,NL,4,1,.800,5,4.41,7,7,0,0,0,34.2,33,17,17,5,11,0,24,0,0,3,147,102,4.70,1.269,8.6,1.3,2.9,6.2,2.18,,wicksjo01
198,AJ Smith-Shawver,20,2023,20,ATL,NL,1,0,1.000,1,4.26,6,5,0,0,0,25.1,17,14,12,7,11,0,20,1,0,3,105,105,6.69,1.105,6.0,2.5,3.9,7.1,1.82,,smithaj01
199,Trevor Rogers,19,2023,25,MIA,NL,1,2,.333,3,4.00,4,4,0,0,0,18.0,16,9,8,2,6,0,19,3,0,0,79,114,4.09,1.222,8.0,1.0,3.0,9.5,3.17,,rogertr01
200,Germán Márquez,17,2023,28,COL,NL,2,2,.500,4,4.95,4,4,0,0,0,20.0,19,11,11,4,3,0,17,0,1,0,80,103,4.61,1.100,8.6,1.8,1.4,7.7,5.67,,marquge01
201,Kris Bubic,16,2023,25,KCR,AL,0,2,.000,2,3.94,3,3,0,0,0,16.0,19,7,7,1,2,0,16,1,0,1,68,114,2.63,1.313,10.7,0.6,1.1,9.0,8.00,,bubickr01
202,Triston McKenzie,16,2023,25,CLE,AL,0,3,.000,3,5.06,4,4,0,0,0,16.0,12,9,9,1,13,0,16,0,0,1,73,84,4.51,1.563,6.8,0.6,7.3,9.0,1.23,,mckentr01
203,Joe Boyle,15,2023,23,OAK,AL,2,0,1.000,2,1.69,3,3,0,0,0,16.0,8,4,3,1,5,0,15,0,0,0,60,247,3.13,0.813,4.5,0.6,2.8,8.4,3.00,,boylejo01
204,Dylan Dodd,15,2023,25,ATL,NL,2,2,.500,4,7.60,7,7,0,0,0,34.1,53,29,29,9,12,1,15,1,0,1,164,59,6.92,1.893,13.9,2.4,3.1,3.9,1.25,,dodddy01
205,Zach Plesac,14,2023,28,CLE,AL,1,1,.500,2,7.59,5,5,0,0,0,21.1,37,20,18,3,5,0,14,0,0,0,105,56,4.47,1.969,15.6,1.3,2.1,5.9,2.80,,plesaza01
206,Kolby Allard,13,2023,25,ATL,NL,0,1,.000,1,6.57,4,3,0,0,0,12.1,16,9,9,2,4,0,13,0,0,1,56,69,4.23,1.622,11.7,1.5,2.9,9.5,3.25,,allarko01
207,Lyon Richardson,12,2023,23,CIN,NL,0,2,.000,2,8.64,4,4,0,0,0,16.2,17,16,16,6,15,0,12,0,0,0,81,54,9.20,1.920,9.2,3.2,8.1,6.5,0.80,,richaly01
208,Jackson Rutledge,12,2023,24,WSN,NL,1,1,.500,2,6.75,4,4,0,0,0,20.0,24,15,15,4,6,0,12,2,0,1,88,65,5.86,1.500,10.8,1.8,2.7,5.4,2.00,,rutleja01
209,Luis Cessa,11,2023,31,CIN,NL,1,4,.200,5,9.00,7,6,0,0,0,26.0,46,26,26,3,12,0,11,1,0,2,132,51,5.41,2.231,15.9,1.0,4.2,3.8,0.92,,cessalu01
210,Madison Bumgarner,10,2023,33,ARI,NL,0,3,.000,3,10.26,4,4,0,0,0,16.2,25,20,19,4,15,0,10,1,0,0,90,43,8.06,2.400,13.5,2.2,8.1,5.4,0.67,,bumgama01
211,John Means,10,2023,30,BAL,AL,1,2,.333,3,2.66,4,4,0,0,0,23.2,13,7,7,4,4,0,10,1,0,0,88,157,5.24,0.718,4.9,1.5,1.5,3.8,2.50,,meansjo01
212,Connor Overton,9,2023,29,CIN,NL,0,1,.000,1,11.45,3,3,0,0,0,11.0,19,14,14,3,7,0,9,0,0,0,55,41,7.07,2.364,15.5,2.5,5.7,7.4,1.29,,overtco01
213,Joey Estes,7,2023,21,OAK,AL,0,1,.000,1,7.20,2,2,0,0,0,10.0,12,9,8,4,2,1,7,3,0,1,47,59,8.56,1.400,10.8,3.6,1.8,6.3,3.50,,estesjo01
214,Emerson Hancock,6,2023,24,SEA,AL,0,0,,0,4.50,3,3,0,0,0,12.0,13,6,6,1,3,0,6,0,0,0,49,92,4.09,1.333,9.8,0.8,2.3,4.5,2.00,,hancoem01
215,Drew Rucinski,6,2023,34,OAK,AL,0,4,.000,4,9.00,4,4,0,0,0,18.0,27,22,18,5,14,0,6,1,0,0,95,46,8.70,2.278,13.5,2.5,7.0,3.0,0.43,,rucindr01
216,Michael Plassmeyer,4,2023,26,PHI,NL,0,1,.000,1,22.09,1,1,0,0,0,3.2,8,10,9,3,0,0,4,3,0,0,23,21,14.16,2.182,19.6,7.4,0.0,9.8,,,plassmi01
217,Antonio Senzatela,4,2023,28,COL,NL,0,1,.000,1,4.70,2,2,0,0,0,7.2,7,4,4,3,2,0,4,0,0,0,30,112,8.08,1.174,8.2,3.5,2.3,4.7,2.00,,senzaan01
218,Spenser Watkins,4,2023,30,OAK,AL,0,1,.000,1,10.38,1,1,0,0,0,4.1,7,5,5,2,2,0,4,0,0,0,21,43,8.79,2.077,14.5,4.2,4.2,8.3,2.00,,watkisp01
219,Tommy Milone,3,2023,36,SEA,AL,0,1,.000,1,2.00,2,2,0,0,0,9.0,7,3,2,1,6,0,3,0,0,0,40,210,6.03,1.444,7.0,1.0,6.0,3.0,0.50,,milonto01
220,Wes Parsons,3,2023,30,TOR,AL,0,1,.000,1,20.25,1,1,0,0,0,4.0,10,9,9,2,3,0,3,1,0,2,26,23,11.26,3.250,22.5,4.5,6.8,6.8,1.00,,parsowe01
221,Robbie Ray,3,2023,31,SEA,AL,0,1,.000,1,8.10,1,1,0,0,0,3.1,4,5,3,0,5,0,3,0,0,1,19,55,5.96,2.700,10.8,0.0,13.5,8.1,0.60,,rayro02
222,Easton McGee,2,2023,25,SEA,AL,0,0,,0,0.00,1,1,0,0,0,6.2,1,0,0,0,1,0,2,0,0,0,22,,3.11,0.300,1.4,0.0,1.4,2.7,2.00,,mcgeeea01
223,Matt Dermody,1,2023,32,BOS,AL,0,1,.000,1,6.75,1,1,0,0,0,4.0,4,3,3,2,1,0,1,1,0,0,17,73,10.76,1.250,9.0,4.5,2.3,2.3,1.00,,dermoma01
224,Jackson Wolf,1,2023,24,SDP,NL,1,0,1.000,1,5.40,1,1,0,0,0,5.0,6,3,3,0,1,0,1,0,0,0,22,81,3.46,1.400,10.8,0.0,1.8,1.8,1.00,,wolfja01
