Rk,Player,SO,Season,Age,Team,Lg,W,L,W-L%,Dec,ERA,G,GS,CG,SHO,SV,IP,H,R,ER,HR,BB,IBB,SO,HBP,BK,WP,BF,ERA+,FIP,WHIP,H9,HR9,BB9,SO9,SO/BB,Pos,Player-additional
1,Michael King,127,2023,28,NYY,AL,4,8,.333,12,2.75,49,9,0,0,6,104.2,88,35,32,10,32,1,127,5,1,2,431,158,3.13,1.146,7.6,0.9,2.8,10.9,3.97,,kingmi01
2,Félix Bautista,110,2023,28,BAL,AL,8,2,.800,10,1.48,56,0,0,0,33,61.0,30,14,10,4,26,0,110,2,0,7,237,280,1.88,0.918,4.4,0.6,3.8,16.2,4.23,,bautife01
3,Matt Strahm,108,2023,31,PHI,NL,9,5,.643,14,3.29,56,10,0,0,2,87.2,68,34,32,11,21,0,108,3,1,1,351,131,3.24,1.015,7.0,1.1,2.2,11.1,5.14,,strahma01
4,Matt Brash,107,2023,25,SEA,AL,9,4,.692,13,3.06,78,0,0,0,4,70.2,65,26,24,3,29,0,107,6,0,11,308,132,2.26,1.330,8.3,0.4,3.7,13.6,3.69,1,brashma01
5,Nick Martínez,106,2023,32,SDP,NL,6,4,.600,10,3.43,63,9,0,0,1,110.1,99,45,42,12,40,1,106,3,0,3,461,119,3.92,1.260,8.1,1.0,3.3,8.6,2.65,,martini01
6,Trevor Richards,105,2023,30,TOR,AL,2,1,.667,3,4.95,56,3,0,0,0,72.2,63,41,40,13,35,3,105,2,0,5,315,86,4.22,1.349,7.8,1.6,4.3,13.0,3.00,,richatr01
7,Tanner Scott,104,2023,28,MIA,NL,9,5,.643,14,2.31,74,0,0,0,12,78.0,53,22,20,3,24,3,104,4,0,1,307,195,2.17,0.987,6.1,0.3,2.8,12.0,4.33,,scottta01
8,Aroldis Chapman,103,2023,35,KCRTEX,AL,6,5,.545,11,3.09,61,0,0,0,6,58.1,37,24,20,4,36,2,103,1,2,9,249,145,2.52,1.251,5.7,0.6,5.6,15.9,2.86,1,chapmar01
9,Bryan Abreu,100,2023,26,HOU,AL,3,2,.600,5,1.75,72,0,0,0,5,72.0,44,17,14,6,31,0,100,3,0,1,287,241,2.98,1.042,5.5,0.8,3.9,12.5,3.23,,abreubr01
10,Fernando Cruz,98,2023,33,CIN,NL,1,2,.333,3,4.91,58,2,0,0,0,66.0,52,39,36,6,28,0,98,2,0,5,279,93,2.83,1.212,7.1,0.8,3.8,13.4,3.50,,cruzfe01
11,Julian Merryweather,98,2023,31,CHC,NL,5,1,.833,6,3.38,69,0,0,0,2,72.0,58,28,27,8,36,0,98,1,0,3,303,133,3.52,1.306,7.3,1.0,4.5,12.3,2.72,1,merryju01
12,Jakob Junis,96,2023,30,SFG,NL,4,3,.571,7,3.87,40,4,0,0,1,86.0,90,42,37,12,21,1,96,5,0,5,367,109,3.74,1.291,9.4,1.3,2.2,10.0,4.57,1,junisja01
13,Craig Kimbrel,94,2023,35,PHI,NL,8,6,.571,14,3.26,71,0,0,0,23,69.0,44,28,25,10,28,1,94,4,2,4,278,132,3.81,1.043,5.7,1.3,3.7,12.3,3.36,,kimbrcr01
14,Pierce Johnson,90,2023,32,ATLCOL,NL,2,6,.250,8,4.02,67,0,0,0,13,62.2,63,34,28,10,30,1,90,0,0,4,277,121,3.89,1.484,9.0,1.4,4.3,12.9,3.00,1,johnspi01
15,Camilo Doval,87,2023,25,SFG,NL,6,6,.500,12,2.93,69,0,0,0,39,67.2,51,32,22,3,26,6,87,8,3,10,281,145,2.77,1.138,6.8,0.4,3.5,11.6,3.35,1,dovalca01
16,Devin Williams,87,2023,28,MIL,NL,8,3,.727,11,1.53,61,0,0,0,36,58.2,26,13,10,4,28,1,87,1,0,1,231,282,2.66,0.920,4.0,0.6,4.3,13.3,3.11,,willide03
17,Alexis Díaz,86,2023,26,CIN,NL,9,6,.600,15,3.07,71,0,0,0,37,67.1,44,30,23,4,36,0,86,10,0,3,286,149,3.52,1.188,5.9,0.5,4.8,11.5,2.39,1,diazal03
18,Scott McGough,86,2023,33,ARI,NL,2,7,.222,9,4.73,63,1,0,0,9,70.1,60,40,37,14,30,2,86,2,0,3,301,92,4.76,1.280,7.7,1.8,3.8,11.0,2.87,1,mcgousc01
19,Josh Hader,85,2023,29,SDP,NL,2,3,.400,5,1.28,61,0,0,0,33,56.1,32,11,8,3,30,2,85,3,0,3,231,321,2.69,1.101,5.1,0.5,4.8,13.6,2.83,1,haderjo01
20,Jhoan Durán,84,2023,25,MIN,AL,3,6,.333,9,2.45,59,0,0,0,27,62.1,46,25,17,6,25,5,84,4,0,8,255,175,3.21,1.139,6.6,0.9,3.6,12.1,3.36,,duranjh01
21,Shintaro Fujinami,83,2023,29,BALOAK,AL,7,8,.467,15,7.18,64,7,0,0,2,79.0,73,65,63,9,45,1,83,7,0,8,357,57,4.61,1.494,8.3,1.0,5.1,9.5,1.84,1,fujinsh01
22,Reynaldo López,83,2023,29,CHWCLELAA,AL,3,7,.300,10,3.27,68,0,0,0,6,66.0,50,25,24,8,34,2,83,1,1,4,278,137,3.91,1.273,6.8,1.1,4.6,11.3,2.44,,lopezre01
23,A.J. Minter,82,2023,29,ATL,NL,3,6,.333,9,3.76,70,0,0,0,10,64.2,56,28,27,6,21,2,82,0,1,1,260,118,2.90,1.191,7.8,0.8,2.9,11.4,3.90,,minteaj01
24,Josh Winckowski,82,2023,25,BOS,AL,4,4,.500,8,2.88,60,1,0,0,3,84.1,89,34,27,9,31,2,82,3,0,2,367,158,3.91,1.423,9.5,1.0,3.3,8.8,2.65,,winckjo01
25,Jordan Hicks,81,2023,26,STLTOR,ALNL,3,9,.250,12,3.29,65,0,0,0,12,65.2,57,30,24,4,32,1,81,4,0,8,285,132,3.22,1.355,7.8,0.5,4.4,11.1,2.53,,hicksjo03
26,Chris Stratton,81,2023,32,STLTEX,ALNL,2,1,.667,3,3.92,64,0,0,0,1,82.2,69,39,36,8,25,0,81,2,0,5,338,113,3.53,1.137,7.5,0.9,2.7,8.8,3.24,,stratch01
27,David Bednar,80,2023,28,PIT,NL,3,3,.500,6,2.00,66,0,0,0,39,67.1,53,22,15,3,21,4,80,3,0,2,277,222,2.53,1.099,7.1,0.4,2.8,10.7,3.81,,bednada01
28,Paul Sewald,80,2023,33,ARISEA,ALNL,3,2,.600,5,3.12,65,0,0,0,34,60.2,46,23,21,8,24,1,80,1,0,1,249,134,3.57,1.154,6.8,1.2,3.6,11.9,3.33,1,sewalpa01
29,Kirby Yates,80,2023,36,ATL,NL,7,2,.778,9,3.28,61,0,0,0,5,60.1,35,22,22,9,37,1,80,5,1,5,254,136,4.63,1.193,5.2,1.3,5.5,11.9,2.16,,yateski01
30,Scott Barlow,79,2023,30,KCRSDP,ALNL,2,6,.250,8,4.37,63,0,0,0,13,68.0,61,39,33,4,34,3,79,5,0,3,299,99,3.42,1.397,8.1,0.5,4.5,10.5,2.32,1,barlosc01
31,Yimi García,79,2023,32,TOR,AL,3,4,.429,7,4.09,73,0,0,0,3,66.0,67,35,30,8,15,1,79,6,0,0,282,104,3.39,1.242,9.1,1.1,2.0,10.8,5.27,,garciyi01
32,Alex Lange,79,2023,27,DET,AL,7,5,.583,12,3.68,67,0,0,0,26,66.0,43,30,27,6,45,1,79,6,0,4,288,120,4.36,1.333,5.9,0.8,6.1,10.8,1.76,1,langeal01
33,Rafael Montero,79,2023,32,HOU,AL,3,3,.500,6,5.08,68,0,0,0,1,67.1,74,40,38,11,29,0,79,3,0,0,298,83,4.46,1.530,9.9,1.5,3.9,10.6,2.72,1,montera01
34,Aaron Bummer,78,2023,29,CHW,AL,5,5,.500,10,6.79,61,0,0,0,0,58.1,53,45,44,4,36,3,78,5,0,6,267,66,3.58,1.526,8.2,0.6,5.6,12.0,2.17,1,bummeaa01
35,Carlos Estévez,78,2023,30,LAA,AL,5,5,.500,10,3.90,63,0,0,0,31,62.1,62,34,27,7,31,5,78,5,0,1,281,115,3.94,1.492,9.0,1.0,4.5,11.3,2.52,,estevca01
36,Justin Lawrence,78,2023,28,COL,NL,4,7,.364,11,3.72,69,0,0,0,11,75.0,65,37,31,5,36,4,78,7,0,3,326,136,3.76,1.347,7.8,0.6,4.3,9.4,2.17,1,lawreju01
37,A.J. Puk,78,2023,28,MIA,NL,7,5,.583,12,3.97,58,0,0,0,15,56.2,54,29,25,10,13,2,78,2,0,1,242,113,3.59,1.182,8.6,1.6,2.1,12.4,6.00,,pukaj01
38,David Robertson,78,2023,38,MIANYM,NL,6,6,.500,12,3.03,62,0,0,0,18,65.1,53,28,22,7,25,2,78,3,0,5,269,143,3.55,1.194,7.3,1.0,3.4,10.7,3.12,,roberda08
39,Jake Bird,77,2023,27,COL,NL,3,3,.500,6,4.33,70,3,0,0,0,89.1,94,47,43,6,27,0,77,7,0,2,381,117,3.55,1.354,9.5,0.6,2.7,7.8,2.85,,birdja01
40,Carlos Hernández,77,2023,26,KCR,AL,1,10,.091,11,5.27,67,4,0,0,4,70.0,62,43,41,10,31,1,77,1,2,5,300,84,4.28,1.329,8.0,1.3,4.0,9.9,2.48,1,hernaca04
41,Mark Leiter Jr.,77,2023,32,CHC,NL,1,3,.250,4,3.50,69,0,0,0,4,64.1,48,27,25,7,24,0,77,8,1,2,269,129,3.77,1.119,6.7,1.0,3.4,10.8,3.21,1,leitema02
42,Héctor Neris,77,2023,34,HOU,AL,6,3,.667,9,1.71,71,0,0,0,2,68.1,41,16,13,7,31,0,77,3,0,3,273,246,3.83,1.054,5.4,0.9,4.1,10.1,2.48,1,nerishe01
43,Joel Payamps,77,2023,29,MIL,NL,7,5,.583,12,2.55,69,0,0,0,3,70.2,57,24,20,8,17,1,77,5,2,2,287,169,3.48,1.047,7.3,1.0,2.2,9.8,4.53,,payamjo01
44,Robert Stephenson,77,2023,30,PITTBR,ALNL,3,4,.429,7,3.10,60,0,0,0,1,52.1,30,20,18,8,16,2,77,0,0,4,201,138,3.22,0.879,5.2,1.4,2.8,13.2,4.81,,stephro01
45,Phil Bickford,76,2023,27,LADNYM,NL,5,5,.500,10,4.95,61,0,0,0,1,67.1,59,41,37,8,39,4,76,4,1,4,304,88,4.46,1.455,7.9,1.1,5.2,10.2,1.95,,bickfph01
46,Dauri Moreta,76,2023,27,PIT,NL,5,2,.714,7,3.72,55,0,0,0,1,58.0,39,26,24,4,24,1,76,3,0,3,239,120,2.93,1.086,6.1,0.6,3.7,11.8,3.17,,moretda01
47,Eli Morgan,75,2023,27,CLE,AL,5,2,.714,7,4.01,61,0,0,0,1,67.1,73,37,30,9,24,1,75,1,1,2,299,104,3.88,1.441,9.8,1.2,3.2,10.0,3.13,,morgael01
48,Trevor Stephan,75,2023,27,CLE,AL,7,7,.500,14,4.06,71,0,0,0,2,68.2,63,35,31,6,26,1,75,5,0,3,294,103,3.56,1.296,8.3,0.8,3.4,9.8,2.88,,stephtr01
49,Erik Swanson,75,2023,29,TOR,AL,4,2,.667,6,2.97,69,0,0,0,4,66.2,52,22,22,8,21,0,75,0,0,0,262,143,3.51,1.095,7.0,1.1,2.8,10.1,3.57,,swanser01
50,Michael Tonkin,75,2023,33,ATL,NL,7,3,.700,10,4.28,45,0,0,0,1,80.0,64,41,38,13,23,1,75,2,1,2,325,104,4.43,1.088,7.2,1.5,2.6,8.4,3.26,,tonkimi01
51,Tyler Holton,74,2023,27,DET,AL,3,2,.600,5,2.11,59,1,0,0,1,85.1,56,21,20,9,18,1,74,1,0,4,324,210,3.56,0.867,5.9,0.9,1.9,7.8,4.11,,holtoty01
52,Phil Maton,74,2023,30,HOU,AL,4,3,.571,7,3.00,68,0,0,0,1,66.0,49,27,22,6,25,2,74,9,0,1,274,141,3.74,1.121,6.7,0.8,3.4,10.1,2.96,1,matonph01
53,Ryan Pressly,74,2023,34,HOU,AL,4,5,.444,9,3.58,65,0,0,0,31,65.1,54,33,26,8,16,0,74,1,0,2,268,118,3.36,1.071,7.4,1.1,2.2,10.2,4.63,1,pressry01
54,Joe Jiménez,73,2023,28,ATL,NL,0,3,.000,3,3.04,59,0,0,0,0,56.1,51,22,19,9,14,0,73,2,0,0,238,147,3.59,1.154,8.1,1.4,2.2,11.7,5.21,1,jimenjo02
55,Andrew Nardi,73,2023,24,MIA,NL,8,1,.889,9,2.67,63,0,0,0,3,57.1,45,18,17,7,21,2,73,4,0,0,237,169,3.60,1.151,7.1,1.1,3.3,11.5,3.48,1,nardian01
56,Steven Okert,73,2023,31,MIA,NL,3,2,.600,5,4.45,64,2,0,0,0,58.2,50,31,29,9,24,0,73,2,1,1,247,101,4.09,1.261,7.7,1.4,3.7,11.2,3.04,,okertst01
57,Jordan Romano,72,2023,30,TOR,AL,5,7,.417,12,2.90,59,0,0,0,36,59.0,48,20,19,6,24,5,72,2,1,0,248,147,3.46,1.220,7.3,0.9,3.7,11.0,3.00,1,romanjo03
58,Lucas Sims,72,2023,29,CIN,NL,7,3,.700,10,3.10,67,0,0,0,3,61.0,33,23,21,5,39,1,72,10,1,3,258,148,4.37,1.180,4.9,0.7,5.8,10.6,1.85,1,simslu01
59,José Cuas,71,2023,29,CHCKCR,ALNL,3,2,.600,5,3.99,72,2,0,0,1,65.1,63,30,29,8,35,0,71,7,0,5,292,112,4.60,1.500,8.7,1.1,4.8,9.8,2.03,,cuasjo01
60,Clay Holmes,71,2023,30,NYY,AL,4,4,.500,8,2.86,66,0,0,0,24,63.0,51,22,20,2,23,0,71,3,1,5,262,152,2.65,1.175,7.3,0.3,3.3,10.1,3.09,,holmecl01
61,José Cisnero,70,2023,34,DET,AL,3,4,.429,7,5.31,63,0,0,0,2,59.1,63,39,35,10,25,2,70,5,0,9,267,84,4.60,1.483,9.6,1.5,3.8,10.6,2.80,,cisnejo01
62,Buck Farmer,70,2023,32,CIN,NL,4,5,.444,9,4.20,71,0,0,0,3,75.0,58,36,35,11,29,0,70,4,0,1,309,109,4.62,1.160,7.0,1.3,3.5,8.4,2.41,1,farmebu01
63,Caleb Ferguson,70,2023,26,LAD,NL,7,4,.636,11,3.43,68,7,0,0,3,60.1,64,30,23,4,23,0,70,8,0,3,270,127,3.34,1.442,9.5,0.6,3.4,10.4,3.04,1,ferguca01
64,Kevin Ginkel,70,2023,29,ARI,NL,9,1,.900,10,2.48,60,0,0,0,4,65.1,41,24,18,3,23,1,70,2,1,5,254,176,2.86,0.980,5.6,0.4,3.2,9.6,3.04,1,ginkeke01
65,Jason Adam,69,2023,31,TBR,AL,4,2,.667,6,2.98,56,0,0,0,12,54.1,35,21,18,7,20,0,69,9,0,2,222,140,3.99,1.012,5.8,1.2,3.3,11.4,3.45,,adamja01
66,Ian Gibaut,69,2023,29,CIN,NL,8,4,.667,12,3.33,74,0,0,0,3,75.2,69,33,28,8,28,4,69,4,0,0,318,137,4.07,1.282,8.2,1.0,3.3,8.2,2.46,1,gibauia01
67,Ian Hamilton,69,2023,28,NYY,AL,3,2,.600,5,2.64,39,3,0,0,2,58.0,45,19,17,2,26,1,69,3,0,1,239,165,2.82,1.224,7.0,0.3,4.0,10.7,2.65,,hamilia01
68,Jeff Hoffman,69,2023,30,PHI,NL,5,2,.714,7,2.41,54,0,0,0,1,52.1,29,16,14,3,19,1,69,2,0,4,208,180,2.57,0.917,5.0,0.5,3.3,11.9,3.63,,hoffmje02
69,Tristan Beck,68,2023,27,SFG,NL,3,3,.500,6,3.92,33,3,0,0,2,85.0,83,40,37,10,21,2,68,2,0,3,354,108,4.00,1.224,8.8,1.1,2.2,7.2,3.24,,becktr01
70,Lucas Erceg,68,2023,28,OAK,AL,4,4,.500,8,4.75,50,0,0,0,0,55.0,51,33,29,1,36,1,68,6,0,5,251,86,3.31,1.582,8.3,0.2,5.9,11.1,1.89,,erceglu01
71,Pete Fairbanks,68,2023,29,TBR,AL,2,4,.333,6,2.58,49,0,0,0,25,45.1,26,14,13,3,20,0,68,4,0,6,184,162,2.70,1.015,5.2,0.6,4.0,13.5,3.40,,fairbpe01
72,Raisel Iglesias,68,2023,33,ATL,NL,5,4,.556,9,2.75,58,0,0,0,33,55.2,51,23,17,7,15,2,68,0,0,0,231,162,3.26,1.186,8.2,1.1,2.4,11.0,4.53,,iglesra01
73,Griffin Jax,68,2023,28,MIN,AL,6,10,.375,16,3.86,71,0,0,0,4,65.1,58,30,28,5,19,1,68,4,0,1,274,112,3.22,1.179,8.0,0.7,2.6,9.4,3.58,,jaxgr01
74,Sam Moll,68,2023,31,CINOAK,ALNL,2,3,.400,5,3.03,70,1,0,0,1,62.1,47,22,21,2,30,8,68,7,0,4,268,142,3.27,1.235,6.8,0.3,4.3,9.8,2.27,,mollsa01
75,Adbert Alzolay,67,2023,28,CHC,NL,2,5,.286,7,2.67,58,0,0,0,22,64.0,52,23,19,5,13,0,67,5,2,0,253,168,3.02,1.016,7.3,0.7,1.8,9.4,5.15,,alzolad01
76,Hunter Harvey,67,2023,28,WSN,NL,4,4,.500,8,2.82,57,0,0,0,10,60.2,44,21,19,7,13,1,67,2,1,2,235,153,3.29,0.940,6.5,1.0,1.9,9.9,5.15,,harvehu01
77,José Leclerc,67,2023,29,TEX,AL,0,2,.000,2,2.68,57,0,0,0,4,57.0,37,19,17,5,28,2,67,2,0,2,233,167,3.62,1.140,5.8,0.8,4.4,10.6,2.39,,leclejo01
78,Andrés Muñoz,67,2023,24,SEA,AL,4,7,.364,11,2.94,52,0,0,0,13,49.0,40,20,16,2,22,3,67,5,2,4,211,138,2.70,1.265,7.3,0.4,4.0,12.3,3.05,1,munozan01
79,Kyle Nelson,67,2023,26,ARI,NL,7,4,.636,11,4.18,68,2,0,0,0,56.0,59,30,26,12,14,1,67,1,0,1,239,105,4.45,1.304,9.5,1.9,2.3,10.8,4.79,1,nelsoky01
80,Kendall Graveman,66,2023,32,CHWHOU,AL,5,6,.455,11,3.12,68,0,0,0,8,66.1,51,27,23,9,36,0,66,5,1,3,282,141,4.88,1.312,6.9,1.2,4.9,9.0,1.83,1,graveke01
81,Evan Phillips,66,2023,28,LAD,NL,2,4,.333,6,2.05,62,0,0,0,24,61.1,38,19,14,6,13,2,66,3,0,1,234,212,3.16,0.832,5.6,0.9,1.9,9.7,5.08,,phillev01
82,Nick Sandlin,66,2023,26,CLE,AL,5,5,.500,10,3.75,61,0,0,0,0,60.0,38,28,25,12,24,1,66,2,0,0,239,111,4.96,1.033,5.7,1.8,3.6,9.9,2.75,,sandlni01
83,Gregory Santos,66,2023,23,CHW,AL,2,2,.500,4,3.39,60,0,0,0,5,66.1,69,29,25,2,17,1,66,5,1,2,289,132,2.65,1.296,9.4,0.3,2.3,9.0,3.88,,santogr01
84,Josh Sborz,66,2023,29,TEX,AL,6,7,.462,13,5.50,44,0,0,0,0,52.1,43,33,32,8,17,0,66,1,0,3,215,81,3.75,1.146,7.4,1.4,2.9,11.4,3.88,1,sborzjo01
85,Huascar Brazobán,65,2023,33,MIA,NL,5,2,.714,7,4.14,50,0,0,0,0,58.2,53,28,27,5,31,2,65,4,0,3,257,109,3.94,1.432,8.1,0.8,4.8,10.0,2.10,,brazohu01
86,Yennier Cano,65,2023,29,BAL,AL,1,4,.200,5,2.11,72,0,0,0,8,72.2,60,19,17,4,13,2,65,3,1,2,283,196,2.84,1.005,7.4,0.5,1.6,8.1,5.00,1,canoye01
87,Taylor Clarke,65,2023,30,KCR,AL,3,6,.333,9,5.95,58,2,0,0,3,59.0,71,42,39,12,24,1,65,3,0,3,266,75,5.07,1.610,10.8,1.8,3.7,9.9,2.71,1,clarkta01
88,Michael Fulmer,65,2023,30,CHC,NL,3,5,.375,8,4.42,58,1,0,0,2,57.0,48,29,28,7,28,0,65,2,0,5,237,102,4.15,1.333,7.6,1.1,4.4,10.3,2.32,1,fulmemi01
89,Emilio Pagán,65,2023,32,MIN,AL,5,2,.714,7,2.99,66,1,0,0,1,69.1,45,26,23,5,21,2,65,1,0,2,273,144,3.27,0.952,5.8,0.6,2.7,8.4,3.10,1,paganem01
90,Gregory Soto,65,2023,28,PHI,NL,3,4,.429,7,4.62,69,0,0,0,3,60.1,47,34,31,6,22,0,65,2,0,5,250,93,3.59,1.144,7.0,0.9,3.3,9.7,2.95,,sotogr01
91,José Alvarado,64,2023,28,PHI,NL,0,2,.000,2,1.74,42,0,0,0,10,41.1,30,15,8,3,18,1,64,0,0,3,172,249,2.41,1.161,6.5,0.7,3.9,13.9,3.56,,alvarjo03
92,Emmanuel Clase,64,2023,25,CLE,AL,3,9,.250,12,3.22,75,0,0,0,44,72.2,68,37,26,4,16,2,64,1,1,5,302,130,2.91,1.156,8.4,0.5,2.0,7.9,4.00,,claseem01
93,Jake Diekman,64,2023,36,CHWTBR,AL,0,2,.000,2,3.34,63,0,0,0,0,56.2,37,29,21,3,38,1,64,1,2,3,243,128,3.75,1.324,5.9,0.5,6.0,10.2,1.68,,diekmja01
94,Keynan Middleton,64,2023,29,CHWNYY,AL,2,2,.500,4,3.38,51,0,0,0,2,50.2,40,20,19,8,23,0,64,1,0,2,212,133,4.20,1.243,7.1,1.4,4.1,11.4,2.78,,middlke01
95,Taylor Rogers,64,2023,32,SFG,NL,6,4,.600,10,3.83,60,0,0,0,2,51.2,39,27,22,6,25,3,64,3,0,3,216,111,3.91,1.239,6.8,1.0,4.4,11.1,2.56,1,rogerta01
96,Gabe Speier,64,2023,28,SEA,AL,2,2,.500,4,3.79,69,0,0,0,1,54.2,47,24,23,7,11,4,64,3,0,2,216,107,3.35,1.061,7.7,1.2,1.8,10.5,5.82,,speiega01
97,Alex Vesia,64,2023,27,LAD,NL,2,5,.286,7,4.35,56,1,0,0,1,49.2,52,27,24,7,17,3,64,2,0,2,217,100,3.66,1.389,9.4,1.3,3.1,11.6,3.76,1,vesiaal01
98,Andrew Chafin,63,2023,33,ARIMIL,NL,3,4,.429,7,4.73,63,0,0,0,8,51.1,45,30,27,6,28,0,63,1,0,2,224,93,4.01,1.422,7.9,1.1,4.9,11.0,2.25,1,chafian01
99,Kyle Finnegan,63,2023,31,WSN,NL,7,5,.583,12,3.76,67,0,0,0,28,69.1,66,33,29,11,24,1,63,1,0,0,288,115,4.58,1.298,8.6,1.4,3.1,8.2,2.63,,finneky01
100,Jaime Barría,62,2023,26,LAA,AL,2,6,.250,8,5.68,34,6,0,0,0,82.1,91,63,52,20,30,6,62,2,1,4,362,79,6.07,1.470,9.9,2.2,3.3,6.8,2.07,,barrija01
101,Enyel De Los Santos,62,2023,27,CLE,AL,5,2,.714,7,3.29,70,0,0,0,0,65.2,50,26,24,4,25,1,62,4,2,2,262,127,3.48,1.142,6.9,0.5,3.4,8.5,2.48,,delosen01
102,Trevor Gott,62,2023,30,NYMSEA,ALNL,0,5,.000,5,4.19,64,0,0,0,1,58.0,63,34,27,4,19,3,62,4,0,0,261,99,3.20,1.414,9.8,0.6,2.9,9.6,3.26,,gotttr01
103,José Hernández,62,2023,25,PIT,NL,1,3,.250,4,4.97,50,0,0,0,0,50.2,47,30,28,9,22,3,62,1,2,5,223,90,4.48,1.362,8.3,1.6,3.9,11.0,2.82,,hernajo03
104,Adam Ottavino,62,2023,37,NYM,NL,1,7,.125,8,3.21,66,0,0,0,12,61.2,46,24,22,7,29,3,62,8,3,5,261,132,4.52,1.216,6.7,1.0,4.2,9.0,2.14,,ottavad01
105,Albert Abreu,61,2023,27,NYY,AL,2,2,.500,4,4.73,45,0,0,0,0,59.0,52,39,31,9,35,1,61,6,0,5,268,92,5.26,1.475,7.9,1.4,5.3,9.3,1.74,,abreual01
106,Mike Baumann,61,2023,27,BAL,AL,10,1,.909,11,3.76,60,0,0,0,0,64.2,52,29,27,7,33,2,61,2,0,7,273,110,4.40,1.314,7.2,1.0,4.6,8.5,1.85,1,baumami01
107,Colin Poche,61,2023,29,TBR,AL,12,3,.800,15,2.23,66,0,0,0,1,60.2,42,17,15,4,24,1,61,1,0,3,246,188,3.34,1.088,6.2,0.6,3.6,9.0,2.54,,pocheco01
108,Brooks Raley,61,2023,35,NYM,NL,1,2,.333,3,2.80,66,0,0,0,3,54.2,44,19,17,4,25,3,61,6,0,0,236,151,3.68,1.262,7.2,0.7,4.1,10.0,2.44,1,raleybr01
109,Justin Topa,61,2023,32,SEA,AL,5,4,.556,9,2.61,75,0,0,0,3,69.0,61,26,20,4,18,4,61,3,0,0,279,155,3.15,1.145,8.0,0.5,2.3,8.0,3.39,1,topaju01
110,Bryse Wilson,61,2023,25,MIL,NL,6,0,1.000,6,2.58,53,0,0,0,3,76.2,60,26,22,9,22,0,61,2,0,6,314,167,4.13,1.070,7.0,1.1,2.6,7.2,2.77,,wilsobr02
111,Miguel Castro,60,2023,28,ARI,NL,6,6,.500,12,4.31,75,0,0,0,7,64.2,51,32,31,8,25,3,60,3,0,0,268,101,4.31,1.175,7.1,1.1,3.5,8.4,2.40,1,castrmi01
112,Joe Kelly,60,2023,35,CHWLAD,ALNL,2,5,.286,7,4.12,42,0,0,0,1,39.1,29,22,18,3,18,0,60,2,2,6,168,109,2.72,1.195,6.6,0.7,4.1,13.7,3.33,,kellyjo05
113,Matt Moore,60,2023,34,CLELAAMIA,ALNL,5,1,.833,6,2.56,50,0,0,0,0,52.2,46,16,15,7,15,3,60,3,0,1,218,176,3.73,1.158,7.9,1.2,2.6,10.3,4.00,,moorema02
114,Tyler Rogers,60,2023,32,SFG,NL,4,5,.444,9,3.04,68,0,0,0,2,74.0,66,27,25,7,19,2,60,3,0,0,309,139,3.76,1.149,8.0,0.9,2.3,7.3,3.16,1,rogerty01
115,Drew Smith,60,2023,29,NYM,NL,4,6,.400,10,4.15,62,0,0,0,3,56.1,50,31,26,7,29,0,60,5,0,2,244,102,4.55,1.402,8.0,1.1,4.6,9.6,2.07,,smithdr01
116,Drew VerHagen,60,2023,32,STL,NL,5,1,.833,6,3.98,60,0,0,0,0,61.0,52,30,27,9,26,2,60,9,1,3,268,110,4.93,1.279,7.7,1.3,3.8,8.9,2.31,,verhadr01
117,Jordan Weems,60,2023,30,WSN,NL,5,1,.833,6,3.62,51,0,0,0,0,54.2,38,25,22,9,28,5,60,3,0,0,232,119,4.90,1.207,6.3,1.5,4.6,9.9,2.14,,weemsjo01
118,Giovanny Gallegos,59,2023,31,STL,NL,2,4,.333,6,4.42,56,0,0,0,10,55.0,54,28,27,11,12,0,59,0,1,3,229,99,4.36,1.200,8.8,1.8,2.0,9.7,4.92,,gallegi01
119,Brad Hand,59,2023,33,ATLCOL,NL,5,3,.625,8,5.53,60,0,0,0,1,53.2,54,33,33,6,22,3,59,5,0,3,236,88,4.02,1.416,9.1,1.0,3.7,9.9,2.68,,handbr01
120,Hoby Milner,59,2023,32,MIL,NL,2,1,.667,3,1.82,73,0,0,0,0,64.1,49,16,13,5,13,0,59,2,0,1,252,238,3.13,0.964,6.9,0.7,1.8,8.3,4.54,,milneho01
121,Brennan Bernardino,58,2023,31,BOS,AL,2,1,.667,3,3.20,55,6,0,0,0,50.2,48,19,18,4,18,1,58,6,0,3,216,143,3.41,1.303,8.5,0.7,3.2,10.3,3.22,,bernabr01
122,Génesis Cabrera,58,2023,26,STLTOR,ALNL,2,1,.667,3,4.04,61,0,0,0,0,55.2,49,28,25,8,24,3,58,2,1,1,239,108,4.44,1.311,7.9,1.3,3.9,9.4,2.42,1,cabrege01
123,Danny Coulombe,58,2023,33,BAL,AL,5,3,.625,8,2.81,61,0,0,0,2,51.1,45,17,16,4,12,0,58,2,2,2,210,148,2.83,1.110,7.9,0.7,2.1,10.2,4.83,1,couloda01
124,Dylan Floro,58,2023,32,MIAMIN,ALNL,5,6,.455,11,4.76,62,0,0,0,7,56.2,70,34,30,3,17,3,58,3,0,1,248,94,2.96,1.535,11.1,0.5,2.7,9.2,3.41,,florody01
125,Colin Holderman,58,2023,27,PIT,NL,0,3,.000,3,3.86,58,0,0,0,2,56.0,55,25,24,4,20,2,58,2,0,3,240,115,3.29,1.339,8.8,0.6,3.2,9.3,2.90,,holdeco01
126,Jacob Webb,57,2023,29,BALLAA,AL,1,1,.500,2,3.69,54,0,0,0,1,53.2,39,22,22,6,30,3,57,4,0,1,232,118,4.48,1.286,6.5,1.0,5.0,9.6,1.90,,webbja01
127,Steven Wilson,57,2023,28,SDP,NL,1,2,.333,3,3.91,52,0,0,0,0,53.0,35,23,23,7,27,1,57,3,0,0,219,105,4.52,1.170,5.9,1.2,4.6,9.7,2.11,,wilsost02
128,Ryan Brasier,56,2023,35,BOSLAD,ALNL,3,0,1.000,3,3.02,59,0,0,0,2,59.2,42,24,20,3,19,1,56,3,0,3,238,148,3.14,1.022,6.3,0.5,2.9,8.4,2.95,1,brasiry01
129,Sam Hentges,56,2023,26,CLE,AL,3,2,.600,5,3.61,56,0,0,0,0,52.1,53,24,21,2,18,0,56,0,0,3,223,116,2.64,1.357,9.1,0.3,3.1,9.6,3.11,,hentgsa01
130,Kevin Kelly,56,2023,25,TBR,AL,5,2,.714,7,3.09,57,0,0,0,1,67.0,53,27,23,2,15,1,56,10,0,1,276,135,3.09,1.015,7.1,0.3,2.0,7.5,3.73,,kellyke02
131,Ron Marinaccio,56,2023,27,NYY,AL,4,5,.444,9,3.99,45,0,0,0,2,47.1,35,24,21,6,27,0,56,7,0,2,205,109,4.69,1.310,6.7,1.1,5.1,10.6,2.07,,marinro01
132,José Soriano,56,2023,24,LAA,AL,1,3,.250,4,3.64,38,0,0,0,0,42.0,33,22,17,4,23,2,56,7,1,2,185,123,3.97,1.333,7.1,0.9,4.9,12.0,2.43,,soriajo02
133,Will Vest,56,2023,28,DET,AL,2,1,.667,3,2.98,48,4,0,0,2,48.1,40,18,16,3,13,1,56,0,0,0,199,149,2.55,1.097,7.4,0.6,2.4,10.4,4.31,1,vestwi01
134,Jason Foley,55,2023,27,DET,AL,3,3,.500,6,2.61,70,0,0,0,7,69.0,65,21,20,2,15,2,55,1,0,2,276,170,2.73,1.159,8.5,0.3,2.0,7.2,3.67,,foleyja01
135,Will Smith,55,2023,33,TEX,AL,2,7,.222,9,4.40,60,0,0,0,22,57.1,44,31,28,5,17,4,55,0,0,1,226,102,3.36,1.064,6.9,0.8,2.7,8.6,3.24,1,smithwi04
136,Brent Suter,55,2023,33,COL,NL,4,3,.571,7,3.38,57,2,0,0,0,69.1,65,36,26,3,25,0,55,3,0,1,292,150,3.44,1.298,8.4,0.4,3.2,7.1,2.20,1,suterbr01
137,Shawn Armstrong,54,2023,32,TBR,AL,1,0,1.000,1,1.38,39,6,0,0,0,52.0,36,12,8,2,11,0,54,4,0,0,207,302,2.54,0.904,6.2,0.3,1.9,9.3,4.91,,armstsh01
138,Dominic Leone,54,2023,31,LAANYMSEA,ALNL,1,3,.250,4,4.67,51,0,0,0,1,54.0,49,28,28,14,28,3,54,2,0,4,235,92,6.29,1.426,8.2,2.3,4.7,9.0,1.93,,leonedo01
139,Elvis Peguero,54,2023,26,MIL,NL,4,5,.444,9,3.38,59,0,0,0,1,61.1,49,25,23,4,26,1,54,4,0,1,252,128,3.81,1.223,7.2,0.6,3.8,7.9,2.08,,pegueel01
140,Luis García,53,2023,36,SDP,NL,2,3,.400,5,4.07,61,0,0,0,0,59.2,59,30,27,6,24,1,53,6,0,4,267,101,4.29,1.391,8.9,0.9,3.6,8.0,2.21,,garcilu03
141,Tim Mayza,53,2023,31,TOR,AL,3,1,.750,4,1.52,69,0,0,0,1,53.1,50,10,9,2,15,3,53,0,0,1,215,281,2.60,1.219,8.4,0.3,2.5,8.9,3.53,1,mayzati01
142,John Schreiber,53,2023,29,BOS,AL,2,1,.667,3,3.86,46,2,0,0,1,46.2,41,22,20,6,25,2,53,4,0,1,204,118,4.52,1.414,7.9,1.2,4.8,10.2,2.12,1,schrejo01
143,Brock Burke,52,2023,26,TEX,AL,5,3,.625,8,4.37,53,0,0,0,0,59.2,64,32,29,13,9,4,52,2,0,2,250,102,4.90,1.223,9.7,2.0,1.4,7.8,5.78,,burkebr01
144,Ryan Helsley,52,2023,28,STL,NL,3,4,.429,7,2.45,33,0,0,0,14,36.2,22,11,10,1,17,1,52,1,1,3,146,178,2.25,1.064,5.4,0.2,4.2,12.8,3.06,1,helslry01
145,Kenley Jansen,52,2023,35,BOS,AL,3,6,.333,9,3.63,51,0,0,0,29,44.2,40,21,18,5,17,1,52,2,2,1,188,126,3.66,1.276,8.1,1.0,3.4,10.5,3.06,1,janseke01
146,James Karinchak,52,2023,27,CLE,AL,2,5,.286,7,3.23,44,0,0,0,0,39.0,24,18,14,6,28,1,52,3,1,1,171,130,4.97,1.333,5.5,1.4,6.5,12.0,1.86,,karinja01
147,Trevor Megill,52,2023,29,MIL,NL,1,0,1.000,1,3.63,31,2,0,0,0,34.2,35,14,14,2,12,0,52,1,0,2,148,119,2.13,1.356,9.1,0.5,3.1,13.5,4.33,,megiltr01
148,George Soriano,52,2023,24,MIA,NL,0,0,,0,3.81,26,1,0,0,1,52.0,46,26,22,6,23,1,52,5,1,0,228,118,4.37,1.327,8.0,1.0,4.0,9.0,2.26,,soriage01
149,Bryan Baker,51,2023,28,BAL,AL,4,3,.571,7,3.60,46,0,0,0,0,45.0,33,19,18,4,24,2,51,1,0,3,186,115,3.81,1.267,6.6,0.8,4.8,10.2,2.13,1,bakerbr01
150,Tanner Banks,51,2023,31,CHW,AL,1,4,.200,5,4.43,32,3,0,0,1,61.0,59,32,30,10,16,1,51,4,0,1,255,101,4.70,1.230,8.7,1.5,2.4,7.5,3.19,,banksta01
151,Wandy Peralta,51,2023,31,NYY,AL,4,2,.667,6,2.83,63,0,0,0,4,54.0,36,19,17,7,30,0,51,6,3,1,227,154,5.05,1.222,6.0,1.2,5.0,8.5,1.70,,peralwa01
152,Ryne Stanek,51,2023,31,HOU,AL,3,1,.750,4,4.09,55,0,0,0,0,50.2,42,24,23,8,21,1,51,1,1,2,213,103,4.60,1.243,7.5,1.4,3.7,9.1,2.43,1,stanery01
153,Alex Young,50,2023,29,CIN,NL,4,2,.667,6,3.86,63,0,0,0,1,53.2,53,27,23,10,20,0,50,1,0,0,236,119,4.99,1.360,8.9,1.7,3.4,8.4,2.50,1,youngal01
154,Yency Almonte,49,2023,29,LAD,NL,3,2,.600,5,5.06,49,0,0,0,0,48.0,43,30,27,6,24,2,49,4,0,3,208,86,4.59,1.396,8.1,1.1,4.5,9.2,2.04,,almonye01
155,Jorge López,49,2023,30,BALMIAMIN,ALNL,6,2,.750,8,5.95,61,0,0,0,3,59.0,67,42,39,12,22,3,49,8,0,5,266,73,5.76,1.508,10.2,1.8,3.4,7.5,2.23,,lopezjo02
156,Chris Murphy,49,2023,25,BOS,AL,1,2,.333,3,4.91,20,0,0,0,1,47.2,50,27,26,5,17,0,49,1,0,4,212,93,3.70,1.406,9.4,0.9,3.2,9.3,2.88,,murphch01
157,Seranthony Domínguez,48,2023,28,PHI,NL,5,5,.500,10,3.78,57,0,0,0,2,50.0,48,25,21,7,22,0,48,6,1,1,224,114,4.84,1.400,8.6,1.3,4.0,8.6,2.18,,dominse01
158,Brusdar Graterol,48,2023,24,LAD,NL,4,2,.667,6,1.20,68,1,0,0,7,67.1,53,14,9,3,12,1,48,2,0,2,257,363,3.03,0.965,7.1,0.4,1.6,6.4,4.00,1,gratebr01
159,Tommy Kahnle,48,2023,33,NYY,AL,1,3,.250,4,2.66,42,0,0,0,2,40.2,26,14,12,5,19,0,48,1,0,3,165,164,3.97,1.107,5.8,1.1,4.2,10.6,2.53,,kahnlto01
160,Jovani Morán,48,2023,26,MIN,AL,2,2,.500,4,5.31,43,0,0,0,0,42.1,35,27,25,3,27,1,48,0,0,2,184,81,3.82,1.465,7.4,0.6,5.7,10.2,1.78,1,moranjo01
161,Daniel Bard,47,2023,38,COL,NL,4,2,.667,6,4.56,50,0,0,0,1,49.1,35,30,25,5,49,3,47,8,1,2,232,111,6.13,1.703,6.4,0.9,8.9,8.6,0.96,,bardda01
162,Adrián Martínez,47,2023,26,OAK,AL,0,2,.000,2,4.75,22,1,0,0,0,55.0,59,31,29,8,19,0,47,5,0,4,241,86,4.75,1.418,9.7,1.3,3.1,7.7,2.47,,martiad01
163,Collin McHugh,47,2023,36,ATL,NL,4,1,.800,5,4.30,41,1,0,0,0,58.2,70,34,28,5,22,1,47,4,0,0,268,104,4.09,1.568,10.7,0.8,3.4,7.2,2.14,,mchugco01
164,Tucker Davidson,46,2023,27,KCRLAA,AL,1,2,.333,3,5.96,38,1,0,0,2,51.1,64,37,34,6,19,2,46,3,0,4,236,75,4.27,1.617,11.2,1.1,3.3,8.1,2.42,,davidtu01
165,Chris Martin,46,2023,37,BOS,AL,4,1,.800,5,1.05,55,0,0,0,3,51.1,45,6,6,2,8,3,46,0,0,1,199,434,2.44,1.032,7.9,0.4,1.4,8.1,5.75,1,martich02
166,Brent Honeywell Jr.,45,2023,28,CHWSDP,ALNL,2,4,.333,6,4.82,40,0,0,0,0,52.1,53,29,28,10,23,0,45,5,1,3,234,87,5.62,1.452,9.1,1.7,4.0,7.7,1.96,,honeybr01
167,Derek Law,45,2023,32,CIN,NL,4,6,.400,10,3.60,54,3,0,0,2,55.0,50,24,22,6,26,0,45,3,0,5,240,127,4.62,1.382,8.2,1.0,4.3,7.4,1.73,1,lawde01
168,Aaron Loup,45,2023,35,LAA,AL,2,3,.400,5,6.10,55,0,0,0,1,48.2,65,37,33,6,20,4,45,2,1,2,231,73,4.36,1.747,12.0,1.1,3.7,8.3,2.25,,loupaa01
169,Seth Martinez,45,2023,28,HOU,AL,2,3,.400,5,5.23,35,0,0,0,1,43.0,45,29,25,5,19,2,45,6,0,0,195,81,4.42,1.488,9.4,1.0,4.0,9.4,2.37,1,martise01
170,Chasen Shreve,45,2023,32,CINDET,ALNL,1,2,.333,3,4.63,50,0,0,0,0,44.2,46,25,23,7,14,0,45,1,0,3,193,97,4.28,1.343,9.3,1.4,2.8,9.1,3.21,,shrevch01
171,Tyler Alexander,44,2023,28,DET,AL,2,1,.667,3,4.50,25,1,0,0,0,44.0,44,25,22,8,5,0,44,2,0,0,181,99,4.10,1.114,9.0,1.6,1.0,9.0,8.80,,alexaty01
172,Tom Cosgrove,44,2023,27,SDP,NL,1,2,.333,3,1.75,54,0,0,0,1,51.1,31,12,10,3,19,1,44,5,0,1,205,234,3.70,0.974,5.4,0.5,3.3,7.7,2.32,,cosgrto01
173,Ángel Perdomo,44,2023,29,PIT,NL,3,2,.600,5,3.72,30,0,0,0,0,29.0,21,14,12,3,11,3,44,3,0,0,117,120,3.01,1.103,6.5,0.9,3.4,13.7,4.00,,perdoan01
174,Cionel Pérez,44,2023,27,BAL,AL,4,2,.667,6,3.54,65,0,0,0,3,53.1,56,30,21,2,27,3,44,4,1,0,247,117,3.84,1.556,9.5,0.3,4.6,7.4,1.63,1,perezci01
175,Mason Thompson,44,2023,25,WSN,NL,4,4,.500,8,5.50,51,0,0,0,1,54.0,62,35,33,4,22,0,44,4,0,4,240,79,4.03,1.556,10.3,0.7,3.7,7.3,2.00,,thompma02
176,Brendan White,44,2023,24,DET,AL,2,3,.400,5,5.09,33,2,0,0,0,40.2,40,25,23,4,15,0,44,5,0,1,177,87,3.85,1.352,8.9,0.9,3.3,9.7,2.93,,whitebr01
177,Luke Jackson,43,2023,31,SFG,NL,2,2,.500,4,2.97,33,0,0,0,0,33.1,26,14,11,3,15,2,43,1,1,3,143,143,3.29,1.230,7.0,0.8,4.1,11.6,2.87,,jackslu01
178,Andrés Machado,43,2023,30,WSN,NL,4,1,.800,5,5.22,44,0,0,0,0,50.0,53,29,29,12,13,2,43,1,1,1,207,83,5.50,1.320,9.5,2.2,2.3,7.7,3.31,,machaan02
179,Andre Pallante,43,2023,24,STL,NL,4,1,.800,5,4.76,62,0,0,0,0,68.0,76,37,36,6,30,0,43,3,1,6,302,92,4.59,1.559,10.1,0.8,4.0,5.7,1.43,,pallaan01
180,Nate Pearson,43,2023,26,TOR,AL,5,2,.714,7,4.85,35,0,0,0,1,42.2,36,25,23,7,18,2,43,3,0,5,182,88,4.85,1.266,7.6,1.5,3.8,9.1,2.39,,pearsna01
181,Erasmo Ramírez,43,2023,33,TBRWSN,ALNL,3,3,.500,6,6.41,38,2,0,0,0,60.1,82,47,43,11,13,0,43,4,1,2,274,67,5.05,1.575,12.2,1.6,1.9,6.4,3.31,,ramirer02
182,Tayler Saucedo,43,2023,30,SEA,AL,3,2,.600,5,3.59,52,0,0,0,1,47.2,41,20,19,2,23,1,43,6,0,1,207,113,3.82,1.343,7.7,0.4,4.3,8.1,1.87,1,sauceta01
183,Andrew Vasquez,43,2023,29,DETPHI,ALNL,2,1,.667,3,3.35,42,0,0,0,0,48.1,46,21,18,4,23,1,43,7,3,2,219,131,4.41,1.428,8.6,0.7,4.3,8.0,1.87,,vasquan02
184,Jeff Brigham,42,2023,31,NYM,NL,1,3,.250,4,5.26,37,0,0,0,0,37.2,26,23,22,9,18,0,42,5,0,0,160,81,5.96,1.168,6.2,2.2,4.3,10.0,2.33,,brighje01
185,Chris Devenski,42,2023,32,LAATBR,AL,6,4,.600,10,4.46,38,0,0,0,0,42.1,36,24,21,6,11,1,42,1,0,1,173,100,3.96,1.110,7.7,1.3,2.3,8.9,3.82,,devench02
186,Shelby Miller,42,2023,32,LAD,NL,3,0,1.000,3,1.71,36,1,0,0,1,42.0,19,8,8,3,19,2,42,2,0,1,163,255,3.68,0.905,4.1,0.6,4.1,9.0,2.21,1,millesh01
187,JoJo Romero,42,2023,26,STL,NL,4,2,.667,6,3.68,27,0,0,0,3,36.2,29,17,15,1,10,0,42,1,0,2,147,119,2.22,1.064,7.1,0.2,2.5,10.3,4.20,1,romerjo01
188,Mason Englert,41,2023,23,DET,AL,4,3,.571,7,5.46,31,1,0,0,0,56.0,67,39,34,12,17,0,41,2,0,2,253,81,5.59,1.500,10.8,1.9,2.7,6.6,2.41,,englema01
189,Jimmy Lambert,41,2023,28,CHW,AL,2,3,.400,5,5.26,35,1,0,0,1,37.2,41,26,22,10,20,3,41,1,0,0,172,85,6.20,1.619,9.8,2.4,4.8,9.8,2.05,,lambeji01
190,Cory Abbott,40,2023,27,WSN,NL,1,2,.333,3,6.64,22,0,0,0,0,39.1,48,29,29,9,19,0,40,4,1,4,183,65,5.95,1.703,11.0,2.1,4.3,9.2,2.11,,abbotco01
191,Trevor May,40,2023,33,OAK,AL,4,4,.500,8,3.28,49,0,0,0,21,46.2,35,21,17,4,29,5,40,3,0,2,205,125,4.71,1.371,6.8,0.8,5.6,7.7,1.38,,maytr01
192,Michael Rucker,40,2023,29,CHC,NL,2,1,.667,3,4.91,35,0,0,0,0,40.1,39,22,22,6,19,0,40,3,0,1,176,92,4.84,1.438,8.7,1.3,4.2,8.9,2.11,1,ruckemi01
193,Bryan Shaw,40,2023,35,CHW,AL,0,0,,0,4.14,38,0,0,0,4,45.2,39,21,21,3,17,0,40,6,0,1,190,108,3.87,1.226,7.7,0.6,3.4,7.9,2.35,,shawbr01
194,Jesse Chavez,39,2023,39,ATL,NL,1,0,1.000,1,1.56,36,1,0,0,1,34.2,26,10,6,2,12,0,39,3,0,0,144,287,3.05,1.096,6.8,0.5,3.1,10.1,3.25,,chaveje01
195,José Ruiz,39,2023,28,ARICHW,ALNL,2,1,.667,3,5.89,38,1,0,0,0,44.1,52,31,29,10,21,1,39,6,1,3,207,75,6.26,1.647,10.6,2.0,4.3,7.9,1.86,1,ruizjo01
196,Brock Stewart,39,2023,31,MIN,AL,2,0,1.000,2,0.65,28,0,0,0,1,27.2,19,2,2,1,11,3,39,1,0,1,109,666,2.21,1.084,6.2,0.3,3.6,12.7,3.55,,stewabr01
197,Abner Uribe,39,2023,23,MIL,NL,1,0,1.000,1,1.76,32,0,0,0,1,30.2,16,8,6,0,20,0,39,1,1,6,127,247,2.77,1.174,4.7,0.0,5.9,11.4,1.95,,uribeab01
198,Yunior Marté,38,2023,28,PHI,NL,1,1,.500,2,5.03,40,0,0,0,2,39.1,47,27,22,6,17,0,38,1,0,0,182,86,4.68,1.627,10.8,1.4,3.9,8.7,2.24,,marteyu01
199,Drey Jameson,37,2023,25,ARI,NL,3,1,.750,4,3.32,15,3,0,0,1,40.2,40,15,15,6,18,0,37,1,0,0,174,132,4.76,1.426,8.9,1.3,4.0,8.2,2.06,1,jamesdr01
200,Peter Strzelecki,37,2023,28,ARIMIL,NL,3,5,.375,8,4.38,37,0,0,0,0,37.0,33,18,18,3,12,1,37,8,0,0,163,100,3.93,1.216,8.0,0.7,2.9,9.0,3.08,,strzepe01
201,Nick Anderson,36,2023,32,ATL,NL,4,0,1.000,4,3.06,35,0,0,0,1,35.1,30,14,12,3,9,0,36,0,0,1,141,146,3.09,1.104,7.6,0.8,2.3,9.2,4.00,,anderni01
202,Caleb Thielbar,36,2023,36,MIN,AL,3,1,.750,4,3.23,36,0,0,0,0,30.2,23,12,11,7,6,0,36,0,0,1,120,134,4.46,0.946,6.8,2.1,1.8,10.6,6.00,,thielca01
203,Ángel Zerpa,36,2023,23,KCR,AL,3,3,.500,6,4.85,15,3,0,0,0,42.2,46,24,23,7,8,0,36,4,0,1,182,92,4.54,1.266,9.7,1.5,1.7,7.6,4.50,,zerpaan01
204,JT Chargois,35,2023,32,MIA,NL,1,0,1.000,1,3.61,46,5,0,0,1,42.1,35,17,17,3,18,1,35,0,0,0,174,125,3.80,1.252,7.4,0.6,3.8,7.4,1.94,,chargjt01
205,Bowden Francis,35,2023,27,TOR,AL,1,0,1.000,1,1.73,20,0,0,0,1,36.1,22,7,7,5,8,0,35,1,2,1,136,247,3.86,0.826,5.4,1.2,2.0,8.7,4.38,,francbo01
206,Ray Kerr,35,2023,28,SDP,NL,1,1,.500,2,4.33,22,0,0,0,0,27.0,25,15,13,5,9,1,35,1,0,1,114,95,4.18,1.259,8.3,1.7,3.0,11.7,3.89,,kerrra01
207,Yohan Ramírez,35,2023,28,CHWPIT,ALNL,1,0,1.000,1,4.23,31,0,0,0,0,38.1,39,21,18,3,17,1,35,11,0,3,176,107,4.64,1.461,9.2,0.7,4.0,8.2,2.06,,ramiryo01
208,Jimmy Cordero,34,2023,31,NYY,AL,3,2,.600,5,3.86,31,1,0,0,0,32.2,25,14,14,2,10,0,34,2,1,5,132,113,3.07,1.071,6.9,0.6,2.8,9.4,3.40,,cordeji01
209,Jonathan Hernández,34,2023,26,TEX,AL,1,2,.333,3,5.40,33,0,0,0,0,31.2,35,20,19,4,15,1,34,4,0,2,147,83,4.55,1.579,9.9,1.1,4.3,9.7,2.27,,hernajo02
210,Carmen Mlodzinski,34,2023,24,PIT,NL,3,3,.500,6,2.25,35,1,0,0,1,36.0,28,14,9,3,18,1,34,1,0,0,152,199,4.03,1.278,7.0,0.8,4.5,8.5,1.89,,mlodzca01
211,Austin Voth,34,2023,31,BAL,AL,1,2,.333,3,5.19,25,0,0,0,0,34.2,39,22,20,6,15,1,34,3,0,0,160,80,5.10,1.558,10.1,1.6,3.9,8.8,2.27,,vothau01
212,Ryan Borucki,33,2023,29,PIT,NL,4,0,1.000,4,2.45,38,2,0,0,0,40.1,26,11,11,4,4,0,33,4,0,1,152,182,3.50,0.744,5.8,0.9,0.9,7.4,8.25,,borucry01
213,Isaiah Campbell,33,2023,25,SEA,AL,4,1,.800,5,2.83,27,0,0,0,1,28.2,22,9,9,2,13,1,33,1,1,2,120,144,3.32,1.221,6.9,0.6,4.1,10.4,2.54,,campbis01
214,Austin Cox,33,2023,26,KCR,AL,0,1,.000,1,4.54,24,3,0,0,1,35.2,28,20,18,2,17,0,33,2,0,1,149,98,3.73,1.262,7.1,0.5,4.3,8.3,1.94,1,coxau01
215,Robert Garcia,33,2023,27,MIAWSN,NL,2,2,.500,4,3.66,25,0,0,0,0,32.0,26,16,13,3,12,2,33,0,0,2,127,120,3.54,1.188,7.3,0.8,3.4,9.3,2.75,,garciro04
216,Daniel Palencia,33,2023,23,CHC,NL,5,3,.625,8,4.45,27,0,0,0,0,28.1,22,16,14,3,14,0,33,2,0,5,119,102,4.00,1.271,7.0,1.0,4.4,10.5,2.36,,palenda01
217,Andrew Wantz,33,2023,27,LAA,AL,2,0,1.000,2,3.89,27,3,0,0,0,39.1,28,18,17,4,15,1,33,1,0,0,160,115,4.12,1.093,6.4,0.9,3.4,7.6,2.20,,wantzan01
218,Tim Herrin,32,2023,26,CLE,AL,1,1,.500,2,5.53,23,0,0,0,0,27.2,29,18,17,3,12,0,32,2,0,2,121,76,3.87,1.482,9.4,1.0,3.9,10.4,2.67,,herriti01
219,Gavin Hollowell,32,2023,25,COL,NL,2,0,1.000,2,5.88,26,0,0,0,1,33.2,31,23,22,8,18,1,32,6,0,0,154,86,6.58,1.455,8.3,2.1,4.8,8.6,1.78,,holloga01
220,Sam Long,32,2023,27,OAK,AL,0,1,.000,1,5.60,40,1,0,0,2,45.0,49,29,28,5,21,3,32,1,0,2,199,73,4.74,1.556,9.8,1.0,4.2,6.4,1.52,,longsa01
221,Scott Alexander,31,2023,33,SFG,NL,7,3,.700,10,4.66,55,8,0,0,1,48.1,55,30,25,2,11,3,31,1,0,7,208,91,3.26,1.366,10.2,0.4,2.0,5.8,2.82,1,alexasc02
222,Beau Brieske,31,2023,25,DET,AL,2,3,.400,5,3.60,25,1,0,0,2,35.0,36,14,14,4,12,0,31,0,0,0,152,124,4.00,1.371,9.3,1.0,3.1,8.0,2.58,,briesbe01
223,Sean Hjelle,31,2023,26,SFG,NL,2,1,.667,3,6.52,15,0,0,0,0,29.0,38,25,21,3,13,1,31,4,0,5,139,65,4.22,1.759,11.8,0.9,4.0,9.6,2.38,,hjellse01
224,Grant Anderson,30,2023,26,TEX,AL,2,1,.667,3,5.05,26,0,0,0,0,35.2,38,20,20,5,14,1,30,1,0,1,154,89,4.66,1.458,9.6,1.3,3.5,7.6,2.14,,andergr01
225,Dylan Covey,30,2023,31,LADPHI,NL,1,3,.250,4,3.77,29,1,0,0,0,43.0,48,22,18,5,17,1,30,2,0,0,191,116,4.70,1.512,10.0,1.0,3.6,6.3,1.76,,coveydy01
226,Victor González,30,2023,27,LAD,NL,3,3,.500,6,4.01,34,1,0,0,0,33.2,27,15,15,2,10,1,30,3,0,1,135,109,3.40,1.099,7.2,0.5,2.7,8.0,3.00,1,gonzavi02
227,Grant Hartwig,30,2023,25,NYM,NL,5,2,.714,7,4.84,28,0,0,0,0,35.1,34,23,19,3,15,1,30,6,0,2,158,88,4.44,1.387,8.7,0.8,3.8,7.6,2.00,,hartwgr01
228,Brent Headrick,30,2023,25,MIN,AL,3,0,1.000,3,6.31,14,0,0,0,1,25.2,27,18,18,7,10,0,30,4,0,1,117,69,6.10,1.442,9.5,2.5,3.5,10.5,3.00,,headrbr01
229,Austin Pruitt,30,2023,33,OAK,AL,2,6,.250,8,2.98,38,6,0,0,0,48.1,44,18,16,5,12,1,30,1,0,1,196,138,4.17,1.159,8.2,0.9,2.2,5.6,2.50,,pruitau01
230,Thaddeus Ward,30,2023,26,WSN,NL,0,0,,0,6.37,26,0,0,0,0,35.1,29,26,25,7,28,1,30,2,0,1,160,68,6.68,1.613,7.4,1.8,7.1,7.6,1.07,,wardth01
231,Jackson Kowar,29,2023,26,KCR,AL,2,0,1.000,2,6.43,23,0,0,0,0,28.0,34,24,20,4,20,0,29,1,0,5,137,69,5.29,1.929,10.9,1.3,6.4,9.3,1.45,,kowarja01
232,Mauricio Llovera,29,2023,27,BOSSFG,ALNL,2,3,.400,5,4.89,30,0,0,0,0,35.0,36,25,19,3,15,3,29,4,0,1,160,94,4.34,1.457,9.3,0.8,3.9,7.5,1.93,,llovema01
233,Amir Garrett,28,2023,31,KCR,AL,0,1,.000,1,3.33,27,0,0,0,0,24.1,22,11,9,4,20,0,28,0,0,1,112,134,5.56,1.726,8.1,1.5,7.4,10.4,1.40,,garream01
234,Joe La Sorsa,28,2023,25,TBRWSN,ALNL,1,0,1.000,1,4.41,25,0,0,0,0,32.2,32,16,16,3,9,0,28,6,1,0,145,99,4.11,1.255,8.8,0.8,2.5,7.7,3.11,,lasorjo01
235,Joe Mantiply,28,2023,32,ARI,NL,2,2,.500,4,4.62,35,3,0,0,0,39.0,35,22,20,4,9,1,28,0,0,1,157,95,3.84,1.128,8.1,0.9,2.1,6.5,3.11,,mantijo01
236,Nick Ramirez,28,2023,33,NYY,AL,1,2,.333,3,2.66,32,0,0,0,1,40.2,41,17,12,1,9,0,28,1,1,0,172,164,2.94,1.230,9.1,0.2,2.0,6.2,3.11,,ramirni01
237,Josh Winder,28,2023,26,MIN,AL,2,1,.667,3,4.15,19,0,0,0,1,34.2,35,16,16,3,14,0,28,0,0,1,147,104,3.98,1.413,9.1,0.8,3.6,7.3,2.00,,windejo01
238,Keegan Akin,27,2023,28,BAL,AL,2,2,.500,4,6.85,24,1,0,0,0,23.2,35,22,18,2,7,2,27,0,0,2,112,61,2.96,1.775,13.3,0.8,2.7,10.3,3.86,,akinke01
239,Cooper Criswell,27,2023,26,TBR,AL,1,1,.500,2,5.73,10,0,0,0,0,33.0,40,23,21,6,11,1,27,4,0,2,151,73,5.35,1.545,10.9,1.6,3.0,7.4,2.45,,criswco01
240,Jay Jackson,27,2023,35,TOR,AL,3,1,.750,4,2.12,25,0,0,0,0,29.2,18,8,7,4,9,2,27,1,0,1,116,202,4.20,0.910,5.5,1.2,2.7,8.2,3.00,,jacksja01
241,Matt Koch,27,2023,32,COL,NL,3,2,.600,5,5.12,39,1,0,0,0,38.2,41,22,22,7,9,0,27,2,0,0,163,99,5.07,1.293,9.5,1.6,2.1,6.3,3.00,,kochma01
242,Connor Brogdon,26,2023,28,PHI,NL,2,1,.667,3,4.03,27,1,0,0,0,29.0,29,14,13,5,13,0,26,1,0,2,127,108,5.15,1.448,9.0,1.6,4.0,8.1,2.00,,brogdco01
243,Luis Frías,26,2023,25,ARI,NL,1,0,1.000,1,4.06,29,0,0,0,0,31.0,30,14,14,3,17,0,26,2,0,1,139,108,4.67,1.516,8.7,0.9,4.9,7.5,1.53,1,friaslu01
244,Thomas Hatch,26,2023,28,PITTOR,ALNL,1,1,.500,2,4.08,18,2,0,0,0,28.2,33,18,13,2,12,1,26,1,0,2,129,110,3.71,1.570,10.4,0.6,3.8,8.2,2.17,,hatchto01
245,Jimmy Herget,26,2023,29,LAA,AL,2,4,.333,6,4.66,29,1,0,0,0,29.0,33,15,15,7,8,3,26,2,0,0,127,97,5.63,1.414,10.2,2.2,2.5,8.1,3.25,,hergeji01
246,Tim Hill,26,2023,33,SDP,NL,1,4,.200,5,5.48,48,0,0,0,0,44.1,59,36,27,7,14,0,26,6,0,0,202,75,5.49,1.647,12.0,1.4,2.8,5.3,1.86,,hillti01
247,Nick Robertson,26,2023,24,BOSLAD,ALNL,0,1,.000,1,6.04,18,1,0,0,0,22.1,30,19,15,3,9,2,26,0,0,0,106,76,3.88,1.746,12.1,1.2,3.6,10.5,2.89,,roberni01
248,Josh Taylor,26,2023,30,KCR,AL,1,3,.250,4,8.15,17,1,0,0,0,17.2,22,17,16,4,9,1,26,0,1,1,83,55,4.78,1.755,11.2,2.0,4.6,13.2,2.89,,taylojo02
249,Keegan Thompson,26,2023,28,CHC,NL,2,2,.500,4,4.71,19,0,0,0,1,28.2,20,15,15,2,19,0,26,1,0,2,125,96,4.44,1.360,6.3,0.6,6.0,8.2,1.37,,thompke02
250,Trent Thornton,26,2023,29,SEATOR,AL,1,2,.333,3,2.01,27,1,0,0,0,31.1,30,12,7,5,6,0,26,0,0,0,125,207,4.24,1.149,8.6,1.4,1.7,7.5,4.33,,thorntr01
251,Andrew Bellatti,25,2023,31,PHI,NL,1,0,1.000,1,5.11,27,0,0,0,0,24.2,25,15,14,4,12,0,25,0,0,0,113,85,4.80,1.500,9.1,1.5,4.4,9.1,2.08,,bellaan01
252,José Ferrer,25,2023,23,WSN,NL,3,0,1.000,3,5.03,39,0,0,0,0,34.0,37,19,19,4,13,2,25,1,0,0,142,86,4.55,1.471,9.8,1.1,3.4,6.6,1.92,,ferrejo01
253,Zach Neal,25,2023,34,OAK,AL,1,1,.500,2,6.67,14,2,0,0,0,27.0,30,22,20,8,14,1,25,2,0,0,124,62,7.03,1.630,10.0,2.7,4.7,8.3,1.79,,nealza01
254,Stephen Nogosek,25,2023,28,NYM,NL,0,1,.000,1,5.61,13,0,0,0,0,25.2,28,16,16,6,14,0,25,2,0,2,118,76,6.22,1.636,9.8,2.1,4.9,8.8,1.79,,nogosst01
255,Carl Edwards Jr.,24,2023,31,WSN,NL,1,3,.250,4,3.69,32,0,0,0,2,31.2,31,14,13,1,17,2,24,1,0,2,142,118,3.86,1.516,8.8,0.3,4.8,6.8,1.41,,edwarca01
256,Dylan Lee,24,2023,28,ATL,NL,1,0,1.000,1,4.18,24,1,0,0,0,23.2,24,14,11,4,8,0,24,0,0,0,101,107,4.44,1.352,9.1,1.5,3.0,9.1,3.00,,leedy01
257,Richard Lovelady,24,2023,27,OAK,AL,0,3,.000,3,4.63,27,0,0,0,0,23.1,15,13,12,3,10,0,24,3,0,0,96,89,4.54,1.071,5.8,1.2,3.9,9.3,2.40,,lovelri01
258,Kaleb Ort,24,2023,31,BOS,AL,1,2,.333,3,6.26,21,2,0,0,0,23.0,27,19,16,6,9,1,24,1,0,2,107,74,5.86,1.565,10.6,2.3,3.5,9.4,2.67,,ortka01
259,Josh Staumont,24,2023,29,KCR,AL,0,0,,0,5.40,21,1,0,0,0,20.0,16,12,12,1,13,0,24,2,0,3,89,83,3.76,1.450,7.2,0.5,5.9,10.8,1.85,,staumjo01
260,Robert Suarez,24,2023,32,SDP,NL,4,3,.571,7,4.23,26,0,0,0,0,27.2,15,13,13,4,10,3,24,0,0,0,108,98,4.48,0.904,4.9,1.3,3.3,7.8,2.40,,suarero01
261,Daniel Duarte,23,2023,26,CIN,NL,3,0,1.000,3,3.69,31,0,0,0,1,31.2,24,14,13,5,20,0,23,1,0,1,136,125,5.84,1.389,6.8,1.4,5.7,6.5,1.15,1,duartda01
262,DL Hall,23,2023,24,BAL,AL,3,0,1.000,3,3.26,18,0,0,0,0,19.1,18,8,7,2,5,0,23,0,1,1,81,129,3.00,1.190,8.4,0.9,2.3,10.7,4.60,1,halldl01
263,Zach Jackson,23,2023,28,OAK,AL,2,1,.667,3,2.50,19,0,0,0,1,18.0,18,7,5,1,10,0,23,0,0,5,80,166,3.09,1.556,9.0,0.5,5.0,11.5,2.30,,jacksza02
264,James McArthur,23,2023,26,KCR,AL,1,0,1.000,1,4.63,18,2,0,0,4,23.1,20,12,12,2,2,0,23,1,0,1,90,97,2.78,0.943,7.7,0.8,0.8,8.9,11.50,1,mcartja01
265,Austin Adams,22,2023,32,ARI,NL,0,1,.000,1,5.71,24,0,0,0,0,17.1,16,12,11,1,8,0,22,5,0,2,81,78,3.72,1.385,8.3,0.5,4.2,11.4,2.75,,adamsau02
266,Cody Bolton,22,2023,25,PIT,NL,1,0,1.000,1,6.33,16,0,0,0,0,21.1,30,15,15,3,15,0,22,1,0,0,107,71,5.27,2.109,12.7,1.3,6.3,9.3,1.47,,boltoco01
267,Justin Bruihl,22,2023,26,COLLAD,NL,1,0,1.000,1,5.46,27,0,0,0,0,28.0,28,18,17,2,11,2,22,3,0,2,121,83,4.11,1.393,9.0,0.6,3.5,7.1,2.00,,bruihju01
268,Greg Weissert,22,2023,28,NYY,AL,0,0,,0,4.05,17,0,0,0,0,20.0,21,9,9,3,8,0,22,1,1,1,87,109,4.36,1.450,9.5,1.4,3.6,9.9,2.75,,weissgr01
269,Trey Wingenter,22,2023,29,DET,AL,1,0,1.000,1,5.82,17,0,0,0,0,17.0,16,11,11,2,7,0,22,3,0,3,76,77,3.96,1.353,8.5,1.1,3.7,11.6,3.14,,wingetr01
270,Dylan Coleman,21,2023,26,KCR,AL,0,2,.000,2,8.84,23,1,0,0,0,18.1,18,19,18,3,19,1,21,5,0,3,96,51,7.02,2.018,8.8,1.5,9.3,10.3,1.11,1,colemdy01
271,Dany Jiménez,21,2023,29,OAK,AL,0,2,.000,2,3.47,25,1,0,0,1,23.1,11,9,9,3,14,1,21,0,0,2,94,119,4.93,1.071,4.2,1.2,5.4,8.1,1.50,,jimenda01
272,Ian Kennedy,21,2023,38,TEX,AL,0,1,.000,1,7.16,16,0,0,0,0,16.1,16,15,13,4,7,0,21,2,0,1,75,63,5.52,1.408,8.8,2.2,3.9,11.6,3.00,,kenneia01
273,Nick Mears,21,2023,26,COL,NL,0,1,.000,1,3.72,16,0,0,0,0,19.1,14,8,8,1,14,0,21,1,1,1,87,137,4.08,1.448,6.5,0.5,6.5,9.8,1.50,,mearsni01
274,Cole Sands,21,2023,25,MIN,AL,0,0,,0,3.74,15,0,0,0,0,21.2,20,10,9,4,13,0,21,0,0,3,98,116,5.52,1.523,8.3,1.7,5.4,8.7,1.62,1,sandsco01
275,Ryan Thompson,21,2023,31,ARITBR,ALNL,1,2,.333,3,3.82,31,0,0,0,1,30.2,20,14,13,3,8,0,21,4,0,2,121,114,4.33,0.913,5.9,0.9,2.3,6.2,2.63,,thompry02
276,Matt Barnes,20,2023,33,MIA,NL,1,0,1.000,1,5.48,24,1,0,0,0,21.1,25,13,13,2,10,1,20,1,1,2,99,83,4.15,1.641,10.5,0.8,4.2,8.4,2.00,,barnema01
277,Tommy Hunter,20,2023,36,NYM,NL,0,1,.000,1,6.85,14,0,0,0,0,23.2,28,20,18,6,5,0,20,2,0,0,106,62,5.75,1.394,10.6,2.3,1.9,7.6,4.00,1,hunteto02
278,Joe Jacques,20,2023,28,BOS,AL,2,1,.667,3,5.06,23,1,0,0,1,26.2,32,17,15,2,10,2,20,6,0,1,122,91,4.53,1.575,10.8,0.7,3.4,6.8,2.00,,jacqujo01
279,John King,20,2023,28,STLTEX,ALNL,2,1,.667,3,3.62,35,0,0,0,0,37.1,45,15,15,2,10,0,20,0,0,0,157,124,3.68,1.473,10.8,0.5,2.4,4.8,2.00,1,kingjo01
280,Casey Lawrence,20,2023,35,STL,NL,1,0,1.000,1,6.59,15,0,0,0,0,27.1,32,20,20,7,10,2,20,2,0,0,122,67,6.44,1.537,10.5,2.3,3.3,6.6,2.00,,lawreca01
281,Gus Varland,20,2023,26,LADMIL,NL,1,1,.500,2,6.64,16,0,0,0,0,20.1,27,18,15,3,16,1,20,1,0,2,103,67,5.71,2.115,12.0,1.3,7.1,8.9,1.25,,varlagu01
282,Anthony Bass,19,2023,35,TOR,AL,0,0,,0,4.95,22,0,0,0,0,20.0,19,12,11,3,9,2,19,0,0,1,88,87,4.66,1.400,8.6,1.4,4.1,8.6,2.11,,bassan01
283,Ángel Felipe,19,2023,25,OAK,AL,1,1,.500,2,4.20,14,0,0,0,0,15.0,6,7,7,0,13,0,19,1,0,1,64,99,3.52,1.267,3.6,0.0,7.8,11.4,1.46,,felipan01
284,Kody Funderburk,19,2023,26,MIN,AL,2,0,1.000,2,0.75,11,0,0,0,0,12.0,6,1,1,1,5,0,19,1,0,0,47,588,2.67,0.917,4.5,0.8,3.8,14.3,3.80,,fundeko01
285,Tyler Gilbert,19,2023,29,ARI,NL,0,2,.000,2,5.19,11,0,0,0,0,17.1,21,10,10,2,5,0,19,0,0,1,72,85,3.43,1.500,10.9,1.0,2.6,9.9,3.80,,gilbety01
286,Drew Carlton,18,2023,27,SDP,NL,2,1,.667,3,4.35,11,0,0,0,0,20.2,18,12,10,2,6,0,18,1,0,1,85,95,3.79,1.161,7.8,0.9,2.6,7.8,3.00,,carltdr01
287,Yerry De Los Santos,18,2023,25,PIT,NL,1,1,.500,2,3.33,22,0,0,0,0,24.1,17,10,9,1,13,3,18,1,0,0,104,135,4.04,1.233,6.3,0.4,4.8,6.7,1.38,,delosye01
288,Tommy Doyle,18,2023,27,COL,NL,0,1,.000,1,6.85,15,0,0,0,0,23.2,23,18,18,5,13,0,18,0,0,3,103,75,6.13,1.521,8.7,1.9,4.9,6.8,1.38,,doyleto01
289,Luis Patiño,18,2023,23,CHWTBR,AL,0,1,.000,1,4.57,9,1,0,0,0,21.2,21,12,11,3,14,0,18,0,0,2,99,99,5.33,1.615,8.7,1.2,5.8,7.5,1.29,,patinlu01
290,Sammy Peralta,18,2023,25,CHW,AL,2,0,1.000,2,4.05,16,0,0,0,0,20.0,19,11,9,2,11,0,18,0,0,0,90,112,4.41,1.500,8.6,0.9,5.0,8.1,1.64,,peralsa01
291,Lane Ramsey,18,2023,26,CHW,AL,1,0,1.000,1,5.85,21,0,0,0,0,20.0,25,13,13,1,9,0,18,0,0,3,92,77,3.46,1.700,11.3,0.5,4.1,8.1,2.00,,ramsela02
292,Nick Wittgren,18,2023,32,KCR,AL,1,0,1.000,1,4.97,27,0,0,0,0,29.0,30,17,16,2,11,0,18,3,0,1,128,90,4.36,1.414,9.3,0.6,3.4,5.6,1.64,1,wittgni01
293,Jordan Balazovic,17,2023,24,MIN,AL,1,0,1.000,1,4.44,18,0,0,0,0,24.1,26,13,12,5,12,0,17,0,0,3,108,98,6.01,1.562,9.6,1.8,4.4,6.3,1.42,,balazjo02
294,Brad Boxberger,17,2023,35,CHC,NL,0,1,.000,1,4.95,22,0,0,0,2,20.0,15,11,11,3,11,1,17,1,0,0,84,92,5.31,1.300,6.8,1.4,5.0,7.7,1.55,,boxbebr01
295,José De León,17,2023,30,MIN,AL,0,1,.000,1,4.67,12,1,0,0,0,17.1,16,10,9,2,5,0,17,1,0,0,70,93,3.83,1.212,8.3,1.0,2.6,8.8,3.40,,deleojo03
296,Justin Garza,17,2023,29,BOS,AL,0,2,.000,2,7.36,17,1,0,0,0,18.1,22,17,15,3,12,1,17,1,1,2,91,63,5.66,1.855,10.8,1.5,5.9,8.3,1.42,,garzaju01
297,Brandon Hughes,17,2023,27,CHC,NL,0,3,.000,3,7.24,17,0,0,0,0,13.2,14,11,11,2,8,1,17,1,0,0,63,63,4.65,1.610,9.2,1.3,5.3,11.2,2.13,,hughebr01
298,Tyler Kinley,17,2023,32,COL,NL,0,4,.000,4,6.06,18,0,0,0,5,16.1,21,11,11,3,6,0,17,1,0,1,76,85,4.85,1.653,11.6,1.7,3.3,9.4,2.83,,kinlety01
299,Tayler Scott,17,2023,31,BOSLADOAK,ALNL,0,0,,0,5.60,18,2,0,0,0,17.2,23,12,11,3,10,2,17,3,0,1,88,81,5.75,1.868,11.7,1.5,5.1,8.7,1.70,1,scottta02
300,Andrew Suárez,17,2023,30,STL,NL,0,0,,0,7.16,13,0,0,0,0,27.2,33,27,22,7,15,0,17,0,0,2,130,61,6.94,1.735,10.7,2.3,4.9,5.5,1.13,,suarean01
301,Jorge Alcalá,16,2023,27,MIN,AL,0,1,.000,1,6.23,11,0,0,0,0,17.1,14,13,12,5,10,0,16,1,0,0,75,70,7.06,1.385,7.3,2.6,5.2,8.3,1.60,,alcaljo01
302,Richard Bleier,16,2023,36,BOS,AL,1,0,1.000,1,5.28,27,0,0,0,0,30.2,37,20,18,5,5,1,16,3,0,3,132,87,5.11,1.370,10.9,1.5,1.5,4.7,3.20,,bleieri01
303,Matt Carasiti,16,2023,31,COL,NL,1,0,1.000,1,6.29,16,0,0,0,1,24.1,28,19,17,3,11,0,16,1,0,1,110,81,5.02,1.603,10.4,1.1,4.1,5.9,1.45,,carasma01
304,John Curtiss,16,2023,30,NYM,NL,0,0,,0,4.58,15,0,0,0,0,19.2,17,10,10,3,8,0,16,0,0,0,81,94,4.83,1.271,7.8,1.4,3.7,7.3,2.00,,curtijo02
305,Reed Garrett,16,2023,30,BALNYM,ALNL,1,0,1.000,1,6.41,11,0,0,0,0,19.2,22,14,14,3,7,0,16,1,0,0,87,68,4.83,1.475,10.1,1.4,3.2,7.3,2.29,,garrere01
306,Chad Green,16,2023,32,TOR,AL,3,0,1.000,3,5.25,12,0,0,0,0,12.0,12,10,7,1,4,1,16,0,0,0,52,83,2.67,1.333,9.0,0.8,3.0,12.0,4.00,,greench03
307,Ben Heller,16,2023,31,ATL,NL,0,0,,0,3.86,19,0,0,0,0,18.2,16,9,8,2,11,0,16,2,0,4,82,117,5.02,1.446,7.7,1.0,5.3,7.7,1.45,,hellebe01
308,Michael Kelly,16,2023,30,CLE,AL,1,0,1.000,1,3.78,14,0,0,0,0,16.2,13,8,7,0,9,0,16,0,0,3,71,112,2.96,1.320,7.0,0.0,4.9,8.6,1.78,,kellymi03
309,Penn Murfee,16,2023,29,SEA,AL,1,2,.333,3,1.29,16,0,0,0,0,14.0,5,5,2,1,10,3,16,1,1,0,58,321,4.26,1.071,3.2,0.6,6.4,10.3,1.60,1,murfepe01
310,Luis Ortiz,16,2023,27,PHI,NL,0,0,,0,3.32,14,0,0,0,1,19.0,23,7,7,1,5,0,16,0,0,0,80,132,3.04,1.474,10.9,0.5,2.4,7.6,3.20,,ortizlu02
311,Sean Reid-Foley,16,2023,27,NYM,NL,0,1,.000,1,3.52,8,0,0,0,0,7.2,4,3,3,0,6,0,16,0,0,0,34,125,1.43,1.304,4.7,0.0,7.0,18.8,2.67,,reidfse01
312,Devin Smeltzer,16,2023,27,MIA,NL,0,1,.000,1,6.45,9,1,0,0,0,22.1,29,18,16,7,4,0,16,4,0,1,100,70,6.97,1.478,11.7,2.8,1.6,6.4,4.00,,smeltde01
313,Brandon Walter,16,2023,26,BOS,AL,0,0,,0,6.26,9,0,0,0,1,23.0,32,17,16,3,7,0,16,1,0,1,106,74,4.60,1.696,12.5,1.2,2.7,6.3,2.29,,waltebr01
314,Eduard Bazardo,15,2023,27,BALSEA,AL,0,0,,0,4.50,12,0,0,0,0,16.0,15,8,8,2,4,0,15,0,0,0,67,94,3.76,1.188,8.4,1.1,2.3,8.4,3.75,,bazared01
315,Taylor Hearn,15,2023,28,ATLKCRTEX,ALNL,0,0,,0,11.40,13,0,0,0,0,15.0,23,19,19,4,8,0,15,0,0,1,76,42,6.32,2.067,13.8,2.4,4.8,9.0,1.88,/1,hearnta01
316,Parker Mushinski,15,2023,27,HOU,AL,0,0,,0,5.52,14,0,0,0,0,14.2,19,9,9,5,4,0,15,4,0,0,69,78,7.28,1.568,11.7,3.1,2.5,9.2,3.75,,mushipa01
317,Yerry Rodríguez,15,2023,25,TEX,AL,0,1,.000,1,7.90,13,1,0,0,0,13.2,20,12,12,1,6,1,15,0,0,1,66,58,3.33,1.902,13.2,0.7,4.0,9.9,2.50,,rodriye01
318,Zack Weiss,15,2023,31,BOSLAA,AL,1,0,1.000,1,3.21,12,0,0,0,0,14.0,9,6,5,4,6,0,15,1,0,0,58,147,6.33,1.071,5.8,2.6,3.9,9.6,2.50,,weissza01
319,Amos Willingham,15,2023,24,WSN,NL,0,2,.000,2,6.66,18,0,0,0,0,24.1,35,18,18,8,9,2,15,1,0,0,116,65,7.53,1.808,12.9,3.0,3.3,5.5,1.67,,william01
320,Rob Zastryzny,15,2023,31,PIT,NL,1,0,1.000,1,4.79,21,1,0,0,0,20.2,24,15,11,1,13,1,15,0,0,2,97,94,4.32,1.790,10.5,0.4,5.7,6.5,1.15,,zastrro01
321,Sam Bachman,14,2023,23,LAA,AL,1,2,.333,3,3.18,11,0,0,0,1,17.0,17,7,6,0,11,1,14,1,0,3,77,143,3.73,1.647,9.0,0.0,5.8,7.4,1.27,,bachmsa01
322,Garrett Cleavinger,14,2023,29,TBR,AL,1,0,1.000,1,3.00,15,0,0,0,0,12.0,6,5,4,2,6,0,14,1,0,1,48,143,4.84,1.000,4.5,1.5,4.5,10.5,2.33,,cleavga01
323,Javy Guerra,14,2023,27,MILTBR,ALNL,0,0,,0,6.05,17,2,0,0,0,19.1,17,13,13,2,22,3,14,2,0,2,97,72,6.88,2.017,7.9,0.9,10.2,6.5,0.64,,guerrja02
324,Garrett Hill,14,2023,27,DET,AL,0,0,,0,9.19,9,0,0,0,1,15.2,19,20,16,4,14,0,14,1,0,1,80,49,7.66,2.106,10.9,2.3,8.0,8.0,1.00,,hillga02
325,Lucas Luetge,14,2023,36,ATL,NL,1,0,1.000,1,7.24,12,0,0,0,0,13.2,17,11,11,2,7,0,14,1,0,2,65,63,4.86,1.756,11.2,1.3,4.6,9.2,2.00,,luetglu01
326,Justin Martínez,14,2023,21,ARI,NL,0,0,,0,12.60,10,0,0,0,1,10.0,13,14,14,2,11,1,14,2,0,1,57,36,6.96,2.400,11.7,1.8,9.9,12.6,1.27,,martiju01
327,Oliver Ortega,14,2023,26,MIN,AL,0,1,.000,1,4.30,10,0,0,0,0,14.2,11,7,7,2,7,0,14,1,0,1,63,102,4.76,1.227,6.8,1.2,4.3,8.6,2.00,,ortegol01
328,Francisco Pérez,14,2023,25,OAK,AL,1,2,.333,3,5.94,17,1,0,0,0,16.2,17,12,11,0,8,1,14,1,0,1,74,70,3.20,1.500,9.2,0.0,4.3,7.6,1.75,,perezfr01
329,Zach Pop,14,2023,26,TOR,AL,1,1,.500,2,6.59,15,0,0,0,0,13.2,11,11,10,4,6,0,14,0,0,1,56,66,6.33,1.244,7.2,2.6,4.0,9.2,2.33,,popza01
330,Joely Rodríguez,14,2023,31,BOS,AL,0,0,,0,6.55,11,0,0,0,0,11.0,13,9,8,2,6,0,14,0,0,0,51,71,4.71,1.727,10.6,1.6,4.9,11.5,2.33,,rodrijo06
331,Domingo Tapia,14,2023,31,SDP,NL,0,1,.000,1,3.57,15,0,0,0,1,17.2,13,8,7,2,12,1,14,1,0,0,75,117,5.35,1.415,6.6,1.0,6.1,7.1,1.17,1,tapiado01
332,Freddy Tarnok,14,2023,24,OAK,AL,1,1,.500,2,4.91,5,1,0,0,0,14.2,11,8,8,4,11,0,14,0,0,2,65,85,7.14,1.500,6.8,2.5,6.8,8.6,1.27,,tarnofr01
333,Duane Underwood Jr.,14,2023,28,PIT,NL,1,0,1.000,1,5.18,20,0,0,0,2,24.1,24,14,14,3,11,0,14,0,0,0,100,87,5.06,1.438,8.9,1.1,4.1,5.2,1.27,,underdu01
334,Bruce Zimmermann,14,2023,28,BAL,AL,2,0,1.000,2,4.73,7,0,0,0,0,13.1,17,8,7,3,0,0,14,2,0,1,61,89,4.53,1.275,11.5,2.0,0.0,9.5,,,zimmebr02
335,Jeremiah Estrada,13,2023,24,CHC,NL,0,0,,0,6.75,12,0,0,0,0,10.2,12,8,8,4,12,1,13,0,0,0,56,68,9.07,2.250,10.1,3.4,10.1,11.0,1.08,,estraje01
336,Matt Festa,13,2023,30,SEA,AL,0,0,,0,4.00,8,0,0,0,0,9.0,4,4,4,1,12,0,13,0,0,1,43,105,5.81,1.778,4.0,1.0,12.0,13.0,1.08,,festama01
337,Kevin Herget,13,2023,32,CIN,NL,1,2,.333,3,5.18,14,0,0,0,1,24.1,26,14,14,4,6,1,13,2,1,1,105,89,5.31,1.315,9.6,1.5,2.2,4.8,2.17,,hergeke01
338,J.C. Mejía,13,2023,26,MIL,NL,1,0,1.000,1,5.56,9,0,0,0,0,11.1,15,7,7,2,3,0,13,1,0,1,50,80,4.31,1.588,11.9,1.6,2.4,10.3,4.33,,mejiaje02
339,Adam Oller,13,2023,28,OAK,AL,1,1,.500,2,10.07,9,1,0,0,0,19.2,29,24,22,5,12,0,13,1,0,1,101,41,7.22,2.085,13.3,2.3,5.5,5.9,1.08,,ollerad01
340,Reiver Sanmartin,13,2023,27,CIN,NL,1,0,1.000,1,7.07,14,0,0,0,0,14.0,17,13,11,2,10,0,13,0,0,2,70,66,5.40,1.929,10.9,1.3,6.4,8.4,1.30,,sanmare01
341,Mitch White,13,2023,28,TOR,AL,0,1,.000,1,7.11,10,0,0,0,0,12.2,15,11,10,2,7,0,13,0,0,1,60,61,4.91,1.737,10.7,1.4,5.0,9.2,1.86,,whitemi03
342,Adam Cimber,12,2023,32,TOR,AL,0,2,.000,2,7.40,22,0,0,0,1,20.2,25,18,17,6,7,0,12,4,0,0,95,58,7.46,1.548,10.9,2.6,3.0,5.2,1.71,,cimbead01
343,Nabil Crismatt,12,2023,28,ARISDP,NL,0,2,.000,2,8.31,8,0,0,0,0,13.0,19,13,12,3,7,0,12,1,1,2,65,52,6.26,2.000,13.2,2.1,4.8,8.3,1.71,,crismna01
344,Garrett Crochet,12,2023,24,CHW,AL,0,2,.000,2,3.55,13,0,0,0,0,12.2,12,6,5,1,13,0,12,1,0,1,64,129,5.70,1.974,8.5,0.7,9.2,8.5,0.92,,crochga01
345,Bryce Jarvis,12,2023,25,ARI,NL,2,1,.667,3,3.04,11,1,0,0,0,23.2,14,9,8,3,9,0,12,0,0,0,92,145,5.03,0.972,5.3,1.1,3.4,4.6,1.33,1,jarvibr01
346,Luke Little,12,2023,22,CHC,NL,0,0,,0,0.00,7,0,0,0,0,6.2,5,0,0,0,4,0,12,1,0,1,30,,1.91,1.350,6.8,0.0,5.4,16.2,3.00,/1,littllu01
347,Dennis Santana,12,2023,27,NYM,NL,1,0,1.000,1,5.91,9,0,0,0,0,10.2,10,7,7,2,7,0,12,1,0,1,50,74,5.69,1.594,8.4,1.7,5.9,10.1,1.71,,santade01
348,Victor Vodnik,12,2023,23,COL,NL,1,0,1.000,1,8.31,6,0,0,0,0,8.2,15,9,8,0,3,0,12,0,0,0,44,63,1.52,2.077,15.6,0.0,3.1,12.5,4.00,,vodnivi01
349,Josh Walker,12,2023,28,NYM,NL,0,1,.000,1,8.10,14,0,0,0,0,10.0,12,11,9,2,6,0,12,0,1,1,48,54,5.26,1.800,10.8,1.8,5.4,10.8,2.00,,walkejo03
350,Ty Adcock,11,2023,26,SEA,AL,0,0,,0,3.45,12,0,0,0,0,15.2,11,7,6,4,0,0,11,0,0,0,58,120,5.17,0.702,6.3,2.3,0.0,6.3,,1,adcocty01
351,Anthony Kay,11,2023,28,CHCNYM,NL,0,0,,0,6.14,16,0,0,0,0,14.2,13,10,10,2,9,0,11,2,0,1,66,75,5.78,1.500,8.0,1.2,5.5,6.8,1.22,1,kayan01
352,Casey Legumina,11,2023,26,CIN,NL,1,0,1.000,1,5.68,11,0,0,0,0,12.2,16,11,8,3,9,0,11,0,0,1,61,82,6.73,1.974,11.4,2.1,6.4,7.8,1.22,,legumca01
353,Daniel Norris,11,2023,30,CLE,AL,0,0,,0,5.68,7,0,0,0,0,12.2,10,11,8,3,12,0,11,1,0,0,63,75,7.68,1.737,7.1,2.1,8.5,7.8,0.92,,norrida01
354,Glenn Otto,11,2023,27,TEX,AL,0,0,,0,10.13,6,0,0,0,0,10.2,14,12,12,6,6,0,11,0,0,0,51,45,10.19,1.875,11.8,5.1,5.1,9.3,1.83,,ottogl01
355,Collin Snider,11,2023,27,KCR,AL,0,0,,0,4.87,20,1,0,0,1,20.1,24,12,11,3,13,0,11,0,0,0,95,92,6.01,1.820,10.6,1.3,5.8,4.9,0.85,,snideco01
356,Jackson Stephens,11,2023,29,ATL,NL,0,0,,0,3.00,5,0,0,0,0,12.0,13,4,4,1,5,0,11,0,0,1,52,152,3.76,1.500,9.8,0.8,3.8,8.3,2.20,,stephja01
357,Ryan Tepera,11,2023,35,LAASTL,ALNL,2,2,.500,4,7.59,12,0,0,0,0,10.2,18,11,9,3,4,1,11,3,0,0,57,62,6.82,2.063,15.2,2.5,3.4,9.3,2.75,,teperry01
358,Jimmy Yacabonis,11,2023,31,NYM,NL,2,1,.667,3,6.59,7,0,0,0,0,13.2,14,10,10,2,6,0,11,1,0,0,62,66,5.08,1.463,9.2,1.3,4.0,7.2,1.83,,yacabji01
359,Danny Young,11,2023,29,ATL,NL,0,0,,0,1.08,8,0,0,0,0,8.1,7,1,1,0,2,0,11,3,0,0,35,427,2.42,1.080,7.6,0.0,2.2,11.9,5.50,,youngda02
360,Matt Bush,10,2023,37,MIL,NL,0,2,.000,2,9.58,12,0,0,0,1,10.1,11,11,11,5,6,0,10,0,0,0,48,46,9.35,1.645,9.6,4.4,5.2,8.7,1.67,,bushma01
361,Max Castillo,10,2023,24,KCR,AL,0,1,.000,1,4.43,7,0,0,0,0,20.1,20,10,10,2,9,1,10,3,0,0,89,101,5.32,1.426,8.9,0.9,4.0,4.4,1.11,,castima03
362,Deivi García,10,2023,24,CHWNYY,AL,0,1,.000,1,2.40,8,0,0,0,1,15.0,9,9,4,2,12,0,10,1,0,0,67,192,6.26,1.400,5.4,1.2,7.2,6.0,0.83,,garcide01
363,Rico Garcia,10,2023,29,OAKWSN,ALNL,0,0,,0,9.26,10,0,0,0,0,11.2,19,12,12,5,6,0,10,0,0,1,60,47,8.66,2.143,14.7,3.9,4.6,7.7,1.67,,garciri01
364,Ben Joyce,10,2023,22,LAA,AL,1,1,.500,2,5.40,12,0,0,0,0,10.0,9,6,6,1,9,0,10,1,0,1,48,85,5.56,1.800,8.1,0.9,8.1,9.0,1.11,,joycebe01
365,Andrew Kittredge,10,2023,33,TBR,AL,2,0,1.000,2,3.09,14,0,0,0,1,11.2,12,4,4,1,2,0,10,1,0,0,50,139,3.43,1.200,9.3,0.8,1.5,7.7,5.00,,kittran01
366,Zach Logue,10,2023,27,DET,AL,0,0,,0,7.36,3,0,0,0,0,11.0,13,9,9,3,2,0,10,0,0,0,49,62,5.53,1.364,10.6,2.5,1.6,8.2,5.00,,logueza01
367,Darren McCaughan,10,2023,27,SEA,AL,0,0,,0,5.40,3,0,0,0,0,5.0,7,5,3,1,3,0,10,0,0,0,27,80,3.66,2.000,12.6,1.8,5.4,18.0,3.33,,mccauda01
368,Tyson Miller,10,2023,27,LADMILNYM,NL,1,0,1.000,1,4.70,10,0,0,0,0,15.1,13,8,8,2,6,0,10,1,0,2,64,98,5.02,1.239,7.6,1.2,3.5,5.9,1.67,,millety01
369,Gerardo Reyes,10,2023,30,LAA,AL,0,0,,0,7.45,8,0,0,0,0,9.2,11,9,8,2,6,0,10,2,0,2,49,62,6.36,1.759,10.2,1.9,5.6,9.3,1.67,,reyesge01
370,Bennett Sousa,10,2023,28,HOUMIL,ALNL,0,0,,0,4.00,7,0,0,0,0,9.0,6,4,4,1,2,0,10,0,0,0,34,114,3.14,0.889,6.0,1.0,2.0,10.0,5.00,,sousabe01
371,Hunter Stratton,10,2023,26,PIT,NL,0,0,,0,2.25,8,0,0,0,0,12.0,9,3,3,2,3,0,10,1,0,1,47,202,4.76,1.000,6.8,1.5,2.3,7.5,3.33,,strathu01
372,Wil Crowe,9,2023,28,PIT,NL,0,1,.000,1,4.66,5,0,0,0,1,9.2,9,6,5,1,9,1,9,1,0,2,47,99,5.84,1.862,8.4,0.9,8.4,8.4,1.00,,crowewi01
373,Davis Daniel,9,2023,26,LAA,AL,1,1,.500,2,2.19,3,0,0,0,0,12.1,7,3,3,1,9,0,9,0,0,1,52,209,5.04,1.297,5.1,0.7,6.6,6.6,1.00,,danieda01
374,Jeurys Familia,9,2023,33,OAK,AL,0,1,.000,1,6.39,14,0,0,0,2,12.2,13,12,9,2,13,0,9,1,0,0,64,65,7.20,2.053,9.2,1.4,9.2,6.4,0.69,,familje01
375,Hobie Harris,9,2023,30,WSN,NL,0,0,,0,5.12,16,0,0,0,0,19.1,21,12,11,2,13,0,9,1,0,1,91,85,5.84,1.759,9.8,0.9,6.1,4.2,0.69,,harriho02
376,Jonathan Heasley,9,2023,26,KCR,AL,0,0,,0,7.20,12,0,0,0,0,15.0,17,13,12,5,2,0,9,1,0,1,63,63,6.99,1.267,10.2,3.0,1.2,5.4,4.50,1,heasljo01
377,Cody Morris,9,2023,26,CLE,AL,0,0,,0,6.75,6,0,0,0,0,8.0,10,6,6,3,6,0,9,0,0,0,38,64,8.13,2.000,11.3,3.4,6.8,10.1,1.50,,morrico01
378,Edgar Navarro,9,2023,25,CHW,AL,0,0,,0,7.27,8,0,0,0,0,8.2,11,7,7,2,2,0,9,2,0,0,39,64,5.56,1.500,11.4,2.1,2.1,9.3,4.50,,navared01
379,Chad Smith,9,2023,28,OAK,AL,1,2,.333,3,6.59,10,0,0,0,0,13.2,15,10,10,2,7,0,9,2,0,1,60,63,5.82,1.610,9.9,1.3,4.6,5.9,1.29,,smithch12
380,Kirby Snead,9,2023,28,OAK,AL,1,2,.333,3,4.63,15,0,0,0,0,11.2,14,7,6,1,6,1,9,0,0,3,56,91,4.37,1.714,10.8,0.8,4.6,6.9,1.50,,sneadki01
381,Wander Suero,9,2023,31,LAD,NL,1,0,1.000,1,7.88,5,0,0,0,0,8.0,6,7,7,2,5,0,9,0,0,0,35,58,6.13,1.375,6.8,2.3,5.6,10.1,1.80,,suerowa01
382,Nick Vespi,9,2023,27,BAL,AL,1,0,1.000,1,4.30,9,0,0,0,0,14.2,16,7,7,2,2,1,9,1,0,0,59,98,4.41,1.227,9.8,1.2,1.2,5.5,4.50,,vespini01
383,Jacob Barnes,8,2023,33,STL,NL,0,1,.000,1,5.93,13,0,0,0,0,13.2,18,11,9,1,3,0,8,1,0,0,61,75,3.91,1.537,11.9,0.7,2.0,5.3,2.67,,barneja01
384,Declan Cronin,8,2023,25,CHW,AL,0,1,.000,1,9.00,9,0,0,0,0,11.0,11,12,11,3,7,0,8,2,0,0,51,51,7.80,1.636,9.0,2.5,5.7,6.5,1.14,,cronide01
385,Matt Gage,8,2023,30,HOU,AL,0,0,,0,2.70,5,0,0,0,0,6.2,6,2,2,1,3,0,8,0,1,0,27,164,4.16,1.350,8.1,1.4,4.1,10.8,2.67,,gagema01
386,Logan Gillaspie,8,2023,26,BAL,AL,0,1,.000,1,6.00,11,0,0,0,0,9.0,14,7,6,2,5,0,8,1,0,1,46,71,6.37,2.111,14.0,2.0,5.0,8.0,1.60,1,gillalo01
387,John McMillon,8,2023,25,KCR,AL,0,0,,0,2.25,4,0,0,0,0,4.0,1,1,1,1,0,0,8,0,0,0,13,213,2.51,0.250,2.3,2.3,0.0,18.0,,,mcmiljo01
388,Anthony Misiewicz,8,2023,28,ARIDETNYY,ALNL,2,0,1.000,2,7.36,11,0,0,0,0,11.0,17,11,9,2,6,0,8,0,0,3,55,65,5.80,2.091,13.9,1.6,4.9,6.5,1.33,,misiean01
389,Adrián Morejón,8,2023,24,SDP,NL,0,0,,0,7.00,8,1,0,0,0,9.0,14,7,7,1,5,0,8,0,0,1,44,61,4.59,2.111,14.0,1.0,5.0,8.0,1.60,,morejad01
390,Chris Paddack,8,2023,27,MIN,AL,1,0,1.000,1,5.40,2,0,0,0,0,5.0,6,3,3,1,1,0,8,0,0,1,22,85,3.26,1.400,10.8,1.8,1.8,14.4,8.00,,paddach01
391,José Quijada,8,2023,27,LAA,AL,0,1,.000,1,6.00,10,0,0,0,4,9.0,8,7,6,0,3,0,8,2,0,0,41,77,3.14,1.222,8.0,0.0,3.0,8.0,2.67,,quijajo01
392,Domingo Acevedo,7,2023,29,OAK,AL,0,0,,0,10.61,9,0,0,0,0,9.1,16,11,11,2,2,1,7,1,0,1,47,40,5.51,1.929,15.4,1.9,1.9,6.8,3.50,,acevedo01
393,Tejay Antone,7,2023,29,CIN,NL,0,0,,0,1.59,5,1,0,0,0,5.2,3,1,1,0,2,0,7,0,0,0,21,304,1.84,0.882,4.8,0.0,3.2,11.1,3.50,,antonte01
394,Archie Bradley,7,2023,30,MIA,NL,0,0,,0,11.05,4,0,0,0,0,7.1,13,10,9,2,3,0,7,1,0,1,39,42,6.53,2.182,16.0,2.5,3.7,8.6,2.33,,bradlar01
395,J.B. Bukauskas,7,2023,26,MILSEA,ALNL,0,0,,0,1.29,6,0,0,0,0,7.0,6,2,1,0,3,1,7,1,0,1,30,365,2.97,1.286,7.7,0.0,3.9,9.0,2.33,/1,bukaujb01
396,Diego Castillo,7,2023,29,SEA,AL,0,0,,0,6.23,8,0,0,0,0,8.2,7,6,6,2,7,0,7,1,0,0,41,67,7.41,1.615,7.3,2.1,7.3,7.3,1.00,,castidi01
397,Jake Cousins,7,2023,28,MIL,NL,0,0,,0,4.82,9,0,0,0,0,9.1,10,5,5,1,10,0,7,0,0,2,45,93,6.36,2.143,9.6,1.0,9.6,6.8,0.70,,cousija01
398,Chase De Jong,7,2023,29,PIT,NL,0,0,,0,13.50,6,0,0,0,0,11.1,18,17,17,6,6,0,7,2,0,1,60,34,11.02,2.118,14.3,4.8,4.8,5.6,1.17,,dejonch01
399,Bryan Hudson,7,2023,26,LAD,NL,0,0,,0,7.27,6,0,0,0,0,8.2,12,7,7,1,4,0,7,1,0,0,44,62,4.87,1.846,12.5,1.0,4.2,7.3,1.75,,hudsobr01
400,Kolton Ingram,7,2023,26,LAA,AL,0,0,,0,8.44,5,0,0,0,0,5.1,8,7,5,2,5,0,7,0,0,0,30,56,8.32,2.438,13.5,3.4,8.4,11.8,1.40,,ingrako01
401,Evan Justice,7,2023,24,COL,NL,0,0,,0,8.59,9,0,0,0,0,7.1,14,7,7,0,8,0,7,1,0,2,42,61,5.03,3.000,17.2,0.0,9.8,8.6,0.88,,justiev01
402,Adam Kolarek,7,2023,34,LADNYM,NL,0,0,,0,0.00,5,0,0,0,0,6.0,2,0,0,0,1,0,7,1,0,0,22,,1.92,0.500,3.0,0.0,1.5,10.5,7.00,,kolarad01
403,Easton Lucas,7,2023,26,OAK,AL,0,0,,0,8.10,6,0,0,0,0,6.2,10,6,6,1,4,1,7,0,0,2,35,53,4.91,2.100,13.5,1.4,5.4,9.5,1.75,,lucasea01
404,José Marte,7,2023,27,LAA,AL,0,0,,0,8.68,10,0,0,0,0,9.1,14,10,9,3,7,0,7,0,0,1,48,53,8.18,2.250,13.5,2.9,6.8,6.8,1.00,,martejo01
405,James Naile,7,2023,30,STL,NL,0,0,,0,8.80,10,0,0,0,0,15.1,27,19,15,1,9,0,7,0,0,0,80,50,4.95,2.348,15.8,0.6,5.3,4.1,0.78,1,naileja01
406,Kyle Nicolas,7,2023,24,PIT,NL,0,0,,0,11.81,4,0,0,0,0,5.1,7,7,7,1,4,0,7,1,0,1,26,40,5.88,2.063,11.8,1.7,6.8,11.8,1.75,,nicolky01
407,Spencer Patton,7,2023,35,OAK,AL,0,0,,0,5.11,12,0,0,0,0,12.1,13,7,7,3,6,1,7,0,0,0,55,82,6.74,1.541,9.5,2.2,4.4,5.1,1.17,,pattosp01
408,Carlos Vargas,7,2023,23,ARI,NL,0,0,,0,5.79,5,0,0,0,0,4.2,5,3,3,2,4,0,7,1,0,0,22,81,9.04,1.929,9.6,3.9,7.7,13.5,1.75,,vargaca01
409,Ryan Weber,7,2023,32,NYY,AL,1,0,1.000,1,3.14,8,0,0,0,1,14.1,17,5,5,2,1,0,7,1,0,0,60,141,4.51,1.256,10.7,1.3,0.6,4.4,7.00,,weberry01
410,Anthony Banda,6,2023,29,WSN,NL,0,0,,0,6.43,10,0,0,0,0,7.0,9,5,5,1,5,0,6,1,0,1,35,70,5.97,2.000,11.6,1.3,6.4,7.7,1.20,,bandaan01
411,Joe Barlow,6,2023,27,TEX,AL,1,1,.500,2,4.66,13,0,0,0,0,9.2,13,5,5,2,2,0,6,0,0,0,44,99,5.32,1.552,12.1,1.9,1.9,5.6,3.00,,barlojo01
412,Silvino Bracho,6,2023,30,CIN,NL,0,0,,0,3.68,5,0,0,0,0,7.1,5,3,3,0,6,0,6,0,0,0,31,129,4.07,1.500,6.1,0.0,7.4,7.4,1.00,,brachsi01
413,Sam Coonrod,6,2023,30,NYM,NL,0,0,,0,9.45,10,0,0,0,0,6.2,5,7,7,0,8,0,6,2,0,1,34,47,5.96,1.950,6.8,0.0,10.8,8.1,0.75,,coonrsa01
414,Daysbel Hernández,6,2023,26,ATL,NL,1,0,1.000,1,7.36,4,0,0,0,0,3.2,6,3,3,1,3,0,6,0,0,0,20,66,5.98,2.455,14.7,2.5,7.4,14.7,2.00,,hernada03
415,Zack Kelly,6,2023,28,BOS,AL,0,0,,0,3.86,8,0,0,0,0,9.1,7,4,4,0,8,0,6,2,0,1,43,122,5.18,1.607,6.8,0.0,7.7,5.8,0.75,,kellyza01
416,Orion Kerkering,6,2023,22,PHI,NL,1,0,1.000,1,3.00,3,0,0,0,0,3.0,3,1,1,0,2,0,6,0,0,0,14,160,1.26,1.667,9.0,0.0,6.0,18.0,3.00,,kerkeor01
417,Brooks Kriske,6,2023,29,KCR,AL,0,0,,0,4.05,4,0,0,0,0,6.2,3,3,3,2,4,0,6,0,0,0,25,115,7.16,1.050,4.1,2.7,5.4,8.1,1.50,,kriskbr01
418,Jonathan Loáisiga,6,2023,28,NYY,AL,0,2,.000,2,3.06,17,0,0,0,0,17.2,14,7,6,2,1,1,6,2,0,0,69,144,4.56,0.849,7.1,1.0,0.5,3.1,6.00,,loaisjo01
419,Nicholas Padilla,6,2023,26,CHW,AL,0,1,.000,1,5.79,3,0,0,0,0,4.2,9,3,3,1,1,0,6,0,0,0,23,83,4.11,2.143,17.4,1.9,1.9,11.6,6.00,,padilni01
420,Andrew Saalfrank,6,2023,25,ARI,NL,0,0,,0,0.00,10,0,0,0,0,10.1,7,2,0,0,4,1,6,0,0,0,41,,3.26,1.065,6.1,0.0,3.5,5.2,1.50,,saalfan01
421,Ethan Small,6,2023,26,MIL,NL,0,0,,0,11.25,2,0,0,0,1,4.0,9,5,5,1,2,0,6,0,0,1,23,42,5.01,2.750,20.3,2.3,4.5,13.5,3.00,,smallet01
422,Peter Solomon,6,2023,26,ARI,NL,0,0,,0,12.15,5,0,0,0,0,13.1,17,18,18,2,11,0,6,1,0,1,67,37,7.01,2.100,11.5,1.4,7.4,4.1,0.55,,solompe01
423,Devin Sweet,6,2023,26,OAKSEA,AL,1,0,1.000,1,10.38,7,0,0,0,0,8.2,10,10,10,4,6,0,6,2,0,0,43,42,10.64,1.846,10.4,4.2,6.2,6.2,1.00,,sweetde01
424,Garrett Acton,5,2023,25,OAK,AL,0,0,,0,12.71,6,0,0,0,0,5.2,9,8,8,3,5,2,5,1,0,0,32,34,11.55,2.471,14.3,4.8,7.9,7.9,1.00,,actonga01
425,Caleb Boushley,5,2023,29,MIL,NL,1,0,1.000,1,3.86,1,0,0,0,0,2.1,1,1,1,1,2,1,5,0,0,1,10,128,7.11,1.286,3.9,3.9,7.7,19.3,2.50,,boushca01
426,Braden Bristo,5,2023,28,DETTBR,AL,0,0,,0,2.57,3,0,0,0,1,7.0,5,3,2,0,4,1,5,0,0,1,30,184,3.54,1.286,6.4,0.0,5.1,6.4,1.25,,bristbr01
427,Zack Burdi,5,2023,28,TBR,AL,0,0,,0,11.25,3,0,0,0,0,4.0,6,6,5,0,2,0,5,0,0,2,20,40,2.26,2.000,13.5,0.0,4.5,11.3,2.50,,burdiza01
428,Alan Busenitz,5,2023,32,CIN,NL,0,0,,0,2.57,6,0,0,0,0,7.0,8,2,2,0,1,1,5,0,0,0,29,186,2.26,1.286,10.3,0.0,1.3,6.4,5.00,,busenal01
429,Enmanuel De Jesus,5,2023,26,MIA,NL,0,0,,0,11.37,2,0,0,0,0,6.1,9,8,8,0,4,0,5,3,0,0,34,41,4.99,2.053,12.8,0.0,5.7,7.1,1.25,,dejesen01
430,Nick Hernandez,5,2023,28,SDP,NL,0,0,,0,12.00,2,0,0,0,0,3.0,3,4,4,1,4,0,5,2,0,0,18,38,10.26,2.333,9.0,3.0,12.0,15.0,1.25,,hernani01
431,Daniel Hudson,5,2023,36,LAD,NL,0,0,,0,0.00,3,0,0,0,1,3.0,2,0,0,0,3,0,5,0,0,0,14,,2.92,1.667,6.0,0.0,9.0,15.0,1.67,,hudsoda01
432,Alek Jacob,5,2023,25,SDP,NL,0,0,,0,0.00,3,0,0,0,0,3.0,0,0,0,0,1,0,5,0,0,0,10,,0.92,0.333,0.0,0.0,3.0,15.0,5.00,,jacobal01
433,Joey Krehbiel,5,2023,30,BAL,AL,1,0,1.000,1,1.80,6,0,0,0,0,5.0,2,1,1,1,2,0,5,0,0,0,19,245,5.06,0.800,3.6,1.8,3.6,9.0,2.50,,krehbjo01
434,Jake Latz,5,2023,27,TEX,AL,0,0,,0,0.00,3,0,0,0,0,6.1,1,0,0,0,3,0,5,0,0,0,22,,3.10,0.632,1.4,0.0,4.3,7.1,1.67,,latzja01
435,Zach McAllister,5,2023,35,NYY,AL,0,0,,0,10.13,7,0,0,0,0,5.1,9,7,6,2,2,0,5,1,0,0,29,46,7.94,2.063,15.2,3.4,3.4,8.4,2.50,,mcallza01
436,Packy Naughton,5,2023,27,STL,NL,0,0,,0,0.00,4,0,0,0,0,5.0,2,0,0,0,1,0,5,0,0,0,17,,1.86,0.600,3.6,0.0,1.8,9.0,5.00,,naughpa01
437,Elvin Rodríguez,5,2023,25,TBR,AL,0,0,,0,0.00,1,0,0,0,0,3.1,0,0,0,0,0,0,5,0,0,0,10,,0.26,0.000,0.0,0.0,0.0,13.5,,,rodriel02
438,Eduardo Salazar,5,2023,25,CIN,NL,1,0,1.000,1,8.03,8,0,0,0,0,12.1,16,11,11,0,5,0,5,4,0,1,61,58,4.63,1.703,11.7,0.0,3.6,3.6,1.00,,salazed01
439,Ryan Sherriff,5,2023,33,BOS,AL,0,0,,0,2.70,5,0,0,0,0,6.2,6,2,2,0,2,0,5,1,0,0,29,177,3.11,1.200,8.1,0.0,2.7,6.8,2.50,,sherrry01
440,Juan Then,5,2023,23,SEA,AL,0,0,,0,4.91,9,0,0,0,0,11.0,14,6,6,3,2,0,5,0,0,1,48,85,6.44,1.455,11.5,2.5,1.6,4.1,2.50,,thenju01
441,Simeon Woods Richardson,5,2023,22,MIN,AL,0,0,,0,9.64,1,0,0,0,0,4.2,7,5,5,1,3,0,5,0,0,0,24,48,5.83,2.143,13.5,1.9,5.8,9.6,1.67,,woodssi01
442,Clayton Andrews,4,2023,26,MIL,NL,0,1,.000,1,27.00,4,0,0,0,0,3.1,10,11,10,3,2,0,4,0,0,1,22,18,14.36,3.600,27.0,8.1,5.4,10.8,2.00,,andrecl02
443,Kyle Barraclough,4,2023,33,BOS,AL,1,1,.500,2,12.91,3,0,0,0,0,7.2,14,11,11,3,6,0,4,4,0,0,46,37,11.21,2.609,16.4,3.5,7.0,4.7,0.67,,barraky01
444,Colten Brewer,4,2023,30,NYY,AL,0,0,,0,4.32,3,0,0,0,0,8.1,6,4,4,3,3,0,4,1,0,1,34,104,8.42,1.080,6.5,3.2,3.2,4.3,1.33,,breweco01
445,Nick Burdi,4,2023,30,CHC,NL,0,0,,0,9.00,3,0,0,0,0,3.0,3,3,3,0,3,0,4,0,0,1,15,55,3.59,2.000,9.0,0.0,9.0,12.0,1.33,,burdini01
446,Daniel Castano,4,2023,28,MIA,NL,0,0,,0,21.00,2,0,0,0,0,3.0,7,8,7,2,3,0,4,0,0,0,20,24,12.26,3.333,21.0,6.0,9.0,12.0,1.33,,castada01
447,Yoendrys Gómez,4,2023,23,NYY,AL,0,0,,0,0.00,1,0,0,0,0,2.0,1,0,0,0,0,0,4,1,0,0,8,,0.76,0.500,4.5,0.0,0.0,18.0,,,gomezyo01
448,Thomas Pannone,4,2023,29,MIL,NL,0,0,,0,6.75,1,0,0,0,0,2.2,5,2,2,0,1,0,4,0,0,2,14,72,1.38,2.250,16.9,0.0,3.4,13.5,4.00,,pannoth01
449,Alex Speas,4,2023,25,TEX,AL,0,2,.000,2,13.50,3,0,0,0,0,2.0,2,3,3,0,5,1,4,0,0,1,12,39,6.76,3.500,9.0,0.0,22.5,18.0,0.80,,speasal01
450,Cole Sulser,4,2023,33,ARI,NL,0,0,,0,6.75,4,0,0,0,0,5.1,5,4,4,2,3,0,4,0,0,0,23,69,8.32,1.500,8.4,3.4,5.1,6.8,1.33,,sulseco01
451,Owen White,4,2023,23,TEX,AL,0,1,.000,1,11.25,2,0,0,0,0,4.0,5,5,5,2,2,0,4,0,0,0,19,43,9.26,1.750,11.3,4.5,4.5,9.0,2.00,,whiteow01
452,Guillermo Zuñiga,4,2023,24,STL,NL,0,0,,0,4.50,2,0,0,0,0,2.0,2,1,1,0,0,0,4,0,0,0,8,113,-0.75,1.000,9.0,0.0,0.0,18.0,,,zuniggu01
453,Prelander Berroa,3,2023,23,SEA,AL,0,0,,0,0.00,2,0,0,0,0,1.2,0,0,0,0,3,0,3,0,0,1,8,,5.06,1.800,0.0,0.0,16.2,16.2,1.00,,berropr01
454,Matt Bowman,3,2023,32,NYY,AL,0,0,,0,9.00,3,0,0,0,0,4.0,6,4,4,1,2,1,3,0,0,1,20,52,6.51,2.000,13.5,2.3,4.5,6.8,1.50,,bowmama01
455,Tyler Duffey,3,2023,32,CHC,NL,0,0,,0,4.50,1,0,0,0,0,2.0,1,1,1,1,0,0,3,0,0,0,7,116,6.76,0.500,4.5,4.5,0.0,13.5,,,duffety01
456,Paolo Espino,3,2023,36,WSN,NL,0,0,,0,24.75,3,0,0,0,0,4.0,14,11,11,1,3,0,3,0,0,0,28,19,7.26,4.250,31.5,2.3,6.8,6.8,1.00,,espinpa01
457,Jake Faria,3,2023,29,BOS,AL,0,0,,0,22.50,1,0,0,0,0,2.0,4,5,5,0,4,0,3,0,0,0,14,24,6.26,4.000,18.0,0.0,18.0,13.5,0.75,,fariaja01
458,Chi Chi González,3,2023,31,MIA,NL,0,0,,0,7.36,3,0,0,0,0,3.2,7,3,3,1,1,0,3,0,0,0,19,66,5.98,2.182,17.2,2.5,2.5,7.4,3.00,,gonzach01
459,Shane Greene,3,2023,34,CHC,NL,0,0,,0,0.00,2,0,0,0,0,3.0,2,0,0,0,2,0,3,0,0,0,12,,3.26,1.333,6.0,0.0,6.0,9.0,1.50,,greensh02
460,Brenan Hanifee,3,2023,25,DET,AL,0,0,,0,5.40,3,0,0,0,0,5.0,8,3,3,1,0,0,3,0,0,1,23,87,4.66,1.600,14.4,1.8,0.0,5.4,,,hanifbr01
461,Geoff Hartlieb,3,2023,29,MIA,NL,0,0,,0,2.25,2,0,0,0,0,4.0,2,1,1,1,3,0,3,0,0,0,16,216,7.26,1.250,4.5,2.3,6.8,6.8,1.00,,hartlge01
462,Liam Hendriks,3,2023,34,CHW,AL,2,0,1.000,2,5.40,5,0,0,0,1,5.0,4,3,3,1,1,0,3,0,0,0,20,88,5.26,1.000,7.2,1.8,1.8,5.4,3.00,,hendrli01
463,Kyle Hurt,3,2023,25,LAD,NL,0,0,,0,0.00,1,0,0,0,0,2.0,0,0,0,0,0,0,3,0,0,0,6,,0.26,0.000,0.0,0.0,0.0,13.5,,,hurtky01
464,Matt Krook,3,2023,28,NYY,AL,0,0,,0,24.75,4,0,0,0,0,4.0,8,11,11,1,6,0,3,0,0,1,27,19,9.51,3.500,18.0,2.3,13.5,6.8,0.50,,krookma01
465,Joel Kuhnel,3,2023,28,CINHOU,ALNL,0,0,,0,5.54,9,0,0,0,0,13.0,16,8,8,2,5,1,3,1,0,0,58,82,6.18,1.615,11.1,1.4,3.5,2.1,0.60,,kuhnejo01
466,Víctor Mederos,3,2023,22,LAA,AL,0,0,,0,9.00,3,0,0,0,0,3.0,5,3,3,0,3,0,3,1,0,0,17,55,5.26,2.667,15.0,0.0,9.0,9.0,1.00,,medervi01
467,Zach Muckenhirn,3,2023,28,NYM,NL,0,0,,0,6.00,3,0,0,0,0,6.0,11,4,4,0,2,0,3,1,0,0,31,74,3.76,2.167,16.5,0.0,3.0,4.5,1.50,,muckeza01
468,Nick Nelson,3,2023,27,PHI,NL,1,0,1.000,1,1.69,1,0,0,0,0,5.1,2,1,1,1,2,0,3,0,0,0,20,272,5.69,0.750,3.4,1.7,3.4,5.1,1.50,,nelsoni01
469,Vinny Nittoli,3,2023,32,NYM,NL,0,0,,0,2.45,3,0,0,0,0,3.2,4,1,1,0,0,0,3,1,1,0,15,188,2.44,1.091,9.8,0.0,0.0,7.4,,,nittovi01
470,Edwin Uceta,3,2023,25,NYM,NL,0,0,,0,0.00,1,0,0,0,0,3.0,0,0,0,0,2,0,3,1,0,0,11,,4.26,0.667,0.0,0.0,6.0,9.0,1.50,,ucetaed01
471,Fernando Abad,2,2023,37,COL,NL,1,0,1.000,1,4.26,6,0,0,0,0,6.1,11,3,3,2,3,0,2,0,0,0,32,124,8.15,2.211,15.6,2.8,4.3,2.8,0.67,,abadfe01
472,Alex Colomé,2,2023,34,CHW,AL,0,1,.000,1,6.00,4,0,0,0,0,3.0,2,4,2,1,3,0,2,0,1,0,15,83,9.26,1.667,6.0,3.0,9.0,6.0,0.67,,colomal01
473,Tyler Cyr,2,2023,30,LAD,NL,0,0,,0,0.00,2,0,0,0,0,1.2,1,0,0,0,0,0,2,0,0,0,6,,0.86,0.600,5.4,0.0,0.0,10.8,,,cyrty01
474,José Espada,2,2023,26,SDP,NL,0,0,,0,0.00,1,0,0,0,0,1.0,0,0,0,0,2,0,2,0,0,0,5,,5.26,2.000,0.0,0.0,18.0,18.0,1.00,,espadjo01
475,Mychal Givens,2,2023,33,BAL,AL,0,1,.000,1,11.25,6,0,0,0,0,4.0,4,6,5,0,6,1,2,1,0,1,22,40,7.51,2.500,9.0,0.0,13.5,4.5,0.33,,givenmy01
476,Heath Hembree,2,2023,34,TBR,AL,0,0,,0,0.00,1,0,0,0,0,1.1,0,0,0,0,1,0,2,0,0,0,4,,2.51,0.750,0.0,0.0,6.8,13.5,2.00,,hembrhe01
477,Spencer Howard,2,2023,26,TEX,AL,0,0,,0,10.80,3,0,0,0,0,3.1,4,4,4,1,3,0,2,1,0,0,18,45,9.56,2.100,10.8,2.7,8.1,5.4,0.67,,howarsp01
478,Kyle Leahy,2,2023,26,STL,NL,0,1,.000,1,21.60,3,0,0,0,0,1.2,4,4,4,1,5,0,2,1,0,0,15,24,19.46,5.400,21.6,5.4,27.0,10.8,0.40,,leahyky01
479,José López,2,2023,24,TBR,AL,0,0,,0,4.50,1,0,0,0,0,2.0,3,1,1,0,1,0,2,0,0,0,10,109,2.76,2.000,13.5,0.0,4.5,9.0,2.00,,lopezjo04
480,Michael Mariot,2,2023,34,CIN,NL,0,0,,0,3.38,1,0,0,0,0,2.2,4,1,1,1,1,0,2,0,0,0,13,152,7.76,1.875,13.5,3.4,3.4,6.8,2.00,,mariomi01
481,T.J. McFarland,2,2023,34,NYM,NL,0,1,.000,1,5.40,3,0,0,0,0,1.2,4,2,1,0,1,0,2,1,0,0,11,95,4.46,3.000,21.6,0.0,5.4,10.8,2.00,,mcfartj01
482,McKinley Moore,2,2023,24,PHI,NL,0,0,,0,18.90,3,0,0,0,0,3.1,5,7,7,1,5,0,2,2,0,0,21,25,12.26,3.000,13.5,2.7,13.5,5.4,0.40,,mooremc01
483,Reyes Moronta,2,2023,30,LAA,AL,0,0,,0,6.75,2,0,0,0,0,1.1,4,1,1,1,3,0,2,0,0,1,11,83,16.76,5.250,27.0,6.8,20.3,13.5,0.67,,moronre01
484,Sean Nolin,2,2023,33,MIA,NL,0,0,,0,18.00,1,0,0,0,0,3.0,7,6,6,2,2,0,2,0,0,0,18,28,12.59,3.000,21.0,6.0,6.0,6.0,1.00,,nolinse01
485,Konnor Pilkington,2,2023,25,CLE,AL,0,0,,0,0.00,1,0,0,0,0,2.0,1,0,0,0,1,0,2,0,0,0,8,,2.76,1.000,4.5,0.0,4.5,9.0,2.00,,pilkiko01
486,Yacksel Ríos,2,2023,30,OAK,AL,0,0,,0,37.80,3,0,0,0,0,1.2,3,7,7,1,6,0,2,0,0,2,14,13,19.46,5.400,16.2,5.4,32.4,10.8,0.33,,riosya01
487,Ryder Ryan,2,2023,28,SEA,AL,0,0,,0,0.00,1,0,0,0,0,1.0,0,0,0,0,1,0,2,0,0,0,4,,2.26,1.000,0.0,0.0,9.0,18.0,2.00,,ryanry01
488,Thyago Vieira,2,2023,30,MIL,NL,0,1,.000,1,0.00,2,0,0,0,0,3.0,0,1,0,0,1,0,2,0,0,0,10,,2.92,0.333,0.0,0.0,3.0,6.0,2.00,,vieirth01
489,Cole Waites,2,2023,25,SFG,NL,0,0,,0,15.43,3,0,0,0,0,2.1,6,5,4,0,2,0,2,0,0,0,15,32,4.11,3.429,23.1,0.0,7.7,7.7,1.00,,waiteco01
490,Austin Warren,2,2023,27,LAA,AL,1,0,1.000,1,5.40,2,0,0,0,0,1.2,2,1,1,1,0,0,2,0,0,0,6,99,8.66,1.200,10.8,5.4,0.0,10.8,,,warreau01
491,Hanser Alberto,1,2023,30,CHW,AL,0,0,,0,21.60,2,0,0,0,0,1.2,6,4,4,1,1,0,1,0,0,0,12,25,11.66,4.200,32.4,5.4,5.4,5.4,1.00,54/13H,alberha01
492,Matt Beaty,1,2023,30,KCRSFG,ALNL,0,0,,0,27.00,1,0,0,0,0,1.0,3,3,3,0,1,0,1,0,0,0,7,21,4.26,4.000,27.0,0.0,9.0,9.0,1.00,3H/D91,beatyma01
493,Alec Burleson,1,2023,24,STL,NL,0,0,,0,21.60,2,0,0,0,0,1.2,8,4,4,1,0,0,1,0,0,0,13,24,9.86,4.800,43.2,5.4,0.0,5.4,,7DH39/1,burleal01
494,Kelvin Cáceres,1,2023,23,LAA,AL,0,0,,0,6.75,2,0,0,0,0,1.1,2,1,1,0,2,0,1,0,0,1,8,83,6.26,3.000,13.5,0.0,13.5,6.8,0.50,,cacerke01
495,Kody Clemens,1,2023,27,PHI,NL,0,0,,0,3.38,4,0,0,0,0,2.2,4,1,1,0,3,0,1,0,0,0,15,144,5.88,2.625,13.5,0.0,10.1,3.4,0.33,3/H1D69,clemeko01
496,Nate Eaton,1,2023,26,KCR,AL,0,0,,0,0.00,1,0,0,0,0,1.0,2,0,0,0,0,0,1,0,0,0,5,,1.26,2.000,18.0,0.0,0.0,9.0,,7/H89D15,eatonna01
497,Austin Hedges,1,2023,30,PITTEX,ALNL,0,0,,0,4.91,4,0,0,0,0,3.2,5,2,2,1,0,0,1,1,0,0,16,99,7.07,1.364,12.3,2.5,0.0,2.5,,2/1DH,hedgeau01
498,Carson Kelly,1,2023,28,ARIDET,ALNL,0,0,,0,10.13,3,0,0,0,0,2.2,9,3,3,1,1,0,1,0,0,0,18,54,8.51,3.750,30.4,3.4,3.4,3.4,1.00,2/1DH,kellyca02
499,Isiah Kiner-Falefa,1,2023,28,NYY,AL,0,0,,0,2.25,4,0,0,0,0,4.0,4,1,1,0,0,0,1,0,0,0,16,209,2.76,1.000,9.0,0.0,0.0,2.3,,875H/9146,kineris01
500,Josh Lester,1,2023,28,BAL,AL,0,0,,0,0.00,1,0,0,0,0,1.0,1,0,0,0,1,0,1,0,0,0,5,,4.26,2.000,9.0,0.0,9.0,9.0,1.00,/3HD159,lestejo02
501,Jeff Lindgren,1,2023,26,MIA,NL,0,0,,0,5.14,3,0,0,0,0,7.0,4,4,4,0,4,0,1,0,0,0,28,91,4.68,1.143,5.1,0.0,5.1,1.3,0.25,,lindgje01
502,Frankie Montas,1,2023,30,NYY,AL,1,0,1.000,1,0.00,1,0,0,0,0,1.1,2,0,0,0,1,0,1,0,0,0,7,,4.01,2.250,13.5,0.0,6.8,6.8,1.00,,montafr02
503,Jace Peterson,1,2023,33,ARIOAK,ALNL,0,0,,0,9.00,2,0,0,0,0,2.0,3,2,2,1,3,0,1,0,0,0,12,54,13.26,3.000,13.5,4.5,13.5,4.5,0.33,*5H4/D137,peterja01
504,Tanner Rainey,1,2023,30,WSN,NL,0,0,,0,0.00,1,0,0,0,0,1.0,1,0,0,0,1,0,1,0,0,1,5,,4.26,2.000,9.0,0.0,9.0,9.0,1.00,,raineta01
505,Luke Raley,1,2023,28,TBR,AL,0,0,,0,30.38,2,0,0,0,0,2.2,11,9,9,2,0,0,1,0,0,0,19,16,12.26,4.125,37.1,6.8,0.0,3.4,,937DH8/1,raleylu01
506,Jake Reed,1,2023,30,LAD,NL,0,0,,0,81.00,1,0,0,0,0,0.2,5,6,6,1,1,0,1,0,0,0,7,8,24.26,9.000,67.5,13.5,13.5,13.5,1.00,,reedja02
507,Dereck Rodríguez,1,2023,31,ATLMIN,ALNL,0,0,,0,15.19,4,0,0,0,0,5.1,9,9,9,2,5,0,1,0,0,1,30,33,10.57,2.625,15.2,3.4,8.4,1.7,0.20,,rodride01
508,José Rodríguez,1,2023,27,SEA,AL,0,0,,0,9.00,1,0,0,0,0,3.0,3,3,3,0,1,0,1,0,0,0,12,50,3.59,1.333,9.0,0.0,3.0,3.0,1.00,,rodrijo07
509,Josh Rojas,1,2023,29,ARISEA,ALNL,0,0,,0,18.00,2,0,0,0,0,2.0,6,4,4,0,1,0,1,0,0,0,13,28,3.76,3.500,27.0,0.0,4.5,4.5,1.00,45H/D17,rojasjo01
510,Tony Santillan,1,2023,26,CIN,NL,1,0,1.000,1,2.70,3,0,0,0,0,3.1,4,1,1,0,5,1,1,0,0,0,18,186,7.16,2.700,10.8,0.0,13.5,2.7,0.20,/1,santito01
511,Jonathan Schoop,1,2023,31,DET,AL,0,0,,0,0.00,1,0,0,0,0,1.1,1,0,0,0,0,0,1,0,0,0,5,,1.76,0.750,6.8,0.0,0.0,6.8,,45H/16D,schoojo01
512,Zack Short,1,2023,28,DET,AL,0,0,,0,6.00,6,0,0,0,0,6.0,12,4,4,0,1,0,1,1,0,0,32,78,3.92,2.167,18.0,0.0,1.5,1.5,1.00,465H/189D,shortza01
513,Jacob Stallings,1,2023,33,MIA,NL,0,0,,0,4.50,7,0,0,0,0,8.0,12,4,4,1,0,0,1,2,0,0,36,104,5.38,1.500,13.5,1.1,0.0,1.1,,2/1DH,stallja01
514,Rowdy Tellez,1,2023,28,MIL,NL,0,0,,0,0.00,1,0,0,0,0,1.0,1,0,0,0,0,0,1,0,0,0,4,,1.26,1.000,9.0,0.0,0.0,9.0,,3DH/1,tellero01
515,Lane Thomas,1,2023,27,WSN,NL,0,0,,0,27.00,1,0,0,0,0,1.0,3,3,3,1,0,0,1,0,0,0,6,22,14.26,3.000,27.0,9.0,0.0,9.0,,*98/H1D,thomala02
516,Alan Trejo,1,2023,27,COL,NL,0,0,,0,13.50,2,0,0,0,0,2.0,4,3,3,2,0,0,1,0,0,0,10,43,15.26,2.000,18.0,9.0,0.0,4.5,,45H/61D,trejoal01
517,Erich Uelmen,1,2023,27,PHI,NL,0,0,,0,36.00,1,0,0,0,0,1.0,3,4,4,0,2,0,1,0,0,0,8,16,7.26,5.000,27.0,0.0,18.0,9.0,0.50,,uelmeer01
518,Chris Vallimont,1,2023,26,BAL,AL,0,0,,0,0.00,1,0,0,0,0,0.2,1,0,0,0,0,0,1,0,0,0,2,,0.26,1.500,13.5,0.0,0.0,13.5,,,vallich01
519,Anthony Veneziano,1,2023,25,KCR,AL,0,0,,0,0.00,2,0,0,0,0,2.1,2,2,0,0,2,0,1,0,0,0,12,,4.97,1.714,7.7,0.0,7.7,3.9,0.50,,venezan01
520,Tucker Barnhart,0,2023,32,CHC,NL,0,0,,0,2.25,4,0,0,0,0,4.0,7,1,1,0,0,0,0,0,0,0,19,216,3.26,1.750,15.8,0.0,0.0,0.0,,2/1H,barnhtu01
521,Christian Bethancourt,0,2023,31,TBR,AL,0,0,,0,81.00,1,0,0,0,0,0.1,3,3,3,1,0,0,0,0,0,0,4,11,42.26,9.000,81.0,27.0,0.0,0.0,,2/H1D,bethach01
522,Mike Brosseau,0,2023,29,MIL,NL,0,0,,0,3.86,3,0,0,0,0,2.1,1,1,1,1,1,0,0,0,0,0,9,128,10.11,0.857,3.9,3.9,3.9,0.0,0.00,5/H31D4,brossmi01
523,Blair Calvo,0,2023,27,COL,NL,0,0,,0,0.00,1,0,0,0,0,1.0,0,0,0,0,0,0,0,0,0,0,3,,3.26,0.000,0.0,0.0,0.0,0.0,,,calvobl01
524,José Castillo,0,2023,27,SDP,NL,0,0,,0,108.00,1,0,0,0,0,0.1,2,4,4,0,2,0,0,1,0,0,6,8,30.26,12.000,54.0,0.0,54.0,0.0,0.00,,castijo03
525,Harold Castro,0,2023,29,COL,NL,0,0,,0,9.00,2,0,0,0,0,2.0,4,2,2,0,1,0,0,1,0,0,11,65,6.26,2.500,18.0,0.0,4.5,0.0,0.00,4H8/769D15,castrha01
526,Willi Castro,0,2023,26,MIN,AL,0,0,,0,11.57,3,0,0,0,0,2.1,3,3,3,0,2,0,0,0,0,0,11,43,5.83,2.143,11.6,0.0,7.7,0.0,0.00,785H4/691D,castrwi01
527,Álex Claudio,0,2023,31,MIL,NL,0,0,,0,0.00,1,0,0,0,0,0.1,2,0,0,0,0,0,0,0,0,0,3,,3.26,6.000,54.0,0.0,0.0,0.0,,,claudal01
528,Ernie Clement,0,2023,27,TOR,AL,0,0,,0,9.00,1,0,0,0,0,1.0,3,1,1,0,0,0,0,1,0,0,7,64,6.26,3.000,27.0,0.0,0.0,0.0,,6H/45D1,clemeer01
529,Brandon Crawford,0,2023,36,SFG,NL,0,0,,0,0.00,1,0,0,0,0,1.0,1,0,0,0,1,0,0,0,0,0,5,,6.26,2.000,9.0,0.0,9.0,0.0,0.00,6/H1,crawfbr01
530,Hagen Danner,0,2023,24,TOR,AL,0,0,,0,0.00,1,0,0,0,0,0.1,0,0,0,0,0,0,0,0,0,0,1,,3.26,0.000,0.0,0.0,0.0,0.0,,,danneha01
531,Brandon Dixon,0,2023,31,SDP,NL,0,0,,0,0.00,1,0,0,0,0,1.0,0,0,0,0,0,0,0,0,0,0,3,,3.26,0.000,0.0,0.0,0.0,0.0,,3/9HD71,dixonbr01
532,Josh Donaldson,0,2023,37,MILNYY,ALNL,0,0,,0,0.00,1,0,0,0,0,1.0,0,0,0,0,0,0,0,0,0,0,3,,3.26,0.000,0.0,0.0,0.0,0.0,,5/DH1,donaljo02
533,Matt Duffy,0,2023,32,KCR,AL,0,0,,0,4.50,2,0,0,0,0,2.0,3,1,1,1,0,0,0,1,0,0,10,115,11.26,1.500,13.5,4.5,0.0,0.0,,54H3/D16,duffyma01
534,Eduardo Escobar,0,2023,34,LAANYM,ALNL,0,0,,0,2.45,3,0,0,0,0,3.2,2,2,1,0,1,0,0,1,0,0,16,198,4.89,0.818,4.9,0.0,2.5,0.0,0.00,54H/D316,escobed01
535,Mike Ford,0,2023,30,SEA,AL,0,0,,0,18.00,2,0,0,0,0,2.0,5,4,4,2,1,0,0,0,0,0,12,27,17.76,3.000,22.5,9.0,4.5,0.0,0.00,DH3/1,fordmi01
536,David Fry,0,2023,27,CLE,AL,0,0,,0,12.60,2,0,0,0,0,5.0,10,7,7,3,1,0,0,0,0,0,26,35,11.66,2.200,18.0,5.4,1.8,0.0,0.00,23H/917D5,fryda01
537,Luis Guillorme,0,2023,28,NYM,NL,0,0,,0,0.00,1,0,0,0,0,1.0,1,0,0,0,0,0,0,0,0,0,4,,3.26,1.000,9.0,0.0,0.0,0.0,,45/6H1,guilllu01
538,Josh Harrison,0,2023,35,PHI,NL,0,0,,0,27.00,2,0,0,0,0,1.2,8,5,5,0,2,0,0,0,0,0,15,19,6.86,6.000,43.2,0.0,10.8,0.0,0.00,5H4/719D,harrijo05
539,Yonny Hernández,0,2023,25,LAD,NL,0,0,,0,0.00,1,0,0,0,0,1.0,1,0,0,0,0,0,0,0,0,0,4,,3.26,1.000,9.0,0.0,0.0,0.0,,/4H51,hernayo02
540,José Herrera,0,2023,26,ARI,NL,0,0,,0,9.00,2,0,0,0,0,2.0,4,2,2,0,0,0,0,0,0,0,10,57,3.26,2.000,18.0,0.0,0.0,0.0,,2/1H,herrejo04
541,Ricky Karcher,0,2023,25,CIN,NL,0,0,,0,0.00,1,0,0,0,1,1.0,0,0,0,0,1,0,0,0,0,0,4,,6.26,1.000,0.0,0.0,9.0,0.0,0.00,,karchri01
542,Jake Lamb,0,2023,32,LAA,AL,0,0,,0,0.00,1,0,0,0,0,1.0,1,0,0,0,0,0,0,0,0,0,4,,3.26,1.000,9.0,0.0,0.0,0.0,,3/H1,lambja01
543,Sandy León,0,2023,34,TEX,AL,0,0,,0,18.00,1,0,0,0,0,1.0,1,2,2,1,0,0,0,1,0,0,5,33,19.26,1.000,9.0,9.0,0.0,0.0,,2/1H,leonsa01
544,Nicky Lopez,0,2023,28,ATLKCR,ALNL,0,0,,0,7.71,2,0,0,0,0,2.1,4,2,2,1,2,0,0,0,0,0,13,66,11.40,2.571,15.4,3.9,7.7,0.0,0.00,456H/317D,lopezni01
545,Jordan Luplow,0,2023,29,MINTOR,AL,0,1,.000,1,13.50,2,0,0,0,0,1.1,1,3,2,1,0,0,0,1,0,1,6,40,15.26,0.750,6.8,6.8,0.0,0.0,,7H/9D318,luplojo01
546,Bligh Madris,0,2023,27,HOU,AL,0,0,,0,9.00,1,0,0,0,0,1.0,1,1,1,1,1,0,0,0,0,0,4,64,19.26,2.000,9.0,9.0,9.0,0.0,0.00,/HD317,madribl01
547,Luke Maile,0,2023,32,CIN,NL,0,0,,0,16.62,4,0,0,0,0,4.1,12,8,8,4,0,0,0,0,0,0,25,30,15.26,2.769,24.9,8.3,0.0,0.0,,2/1HD,mailelu01
548,Martín Maldonado,0,2023,36,HOU,AL,0,0,,0,36.00,1,0,0,0,0,1.0,5,4,4,1,1,0,0,1,0,0,10,16,22.26,6.000,45.0,9.0,9.0,0.0,0.00,*2/1,maldoma01
549,Miles Mastrobuoni,0,2023,27,CHC,NL,0,0,,0,108.00,1,0,0,0,0,0.1,4,4,4,1,0,0,0,0,0,0,5,8,42.26,12.000,108.0,27.0,0.0,0.0,,5H/49D617,mastrmi01
550,James McCann,0,2023,33,BAL,AL,0,0,,0,0.00,1,0,0,0,0,1.0,2,0,0,0,0,0,0,0,0,0,5,,3.26,2.000,18.0,0.0,0.0,0.0,,2/DH31,mccanja02
551,Ryan McKenna,0,2023,26,BAL,AL,0,0,,0,18.00,1,0,0,0,0,1.0,4,2,2,0,0,0,0,0,0,0,6,31,3.26,4.000,36.0,0.0,0.0,0.0,,98H7/1D,mckenry01
552,Zach McKinstry,0,2023,28,DET,AL,0,0,,0,18.00,1,0,0,0,0,1.0,3,2,2,1,0,0,0,0,0,0,6,33,16.26,3.000,27.0,9.0,0.0,0.0,,549H67/8D1,mckinza01
553,Danny Mendick,0,2023,29,NYM,NL,0,0,,0,36.00,2,0,0,0,0,2.0,9,8,8,2,0,0,0,0,0,0,15,14,16.26,4.500,40.5,9.0,0.0,0.0,,4/5H7D1,mendida01
554,Brad Miller,0,2023,33,TEX,AL,0,0,,0,13.50,1,0,0,0,0,2.0,2,3,3,1,2,0,0,0,0,0,9,39,12.76,2.000,9.0,4.5,9.0,0.0,0.00,D/H315,millebr02
555,Alec Mills,0,2023,31,CIN,NL,0,0,,0,18.00,1,0,0,0,0,1.0,4,5,2,1,1,0,0,1,0,1,10,34,22.26,5.000,36.0,9.0,9.0,0.0,0.00,,millsal02
556,Chris Owings,0,2023,31,PIT,NL,0,0,,0,0.00,1,0,0,0,0,1.0,2,0,0,0,0,0,0,0,0,0,6,,3.26,2.000,18.0,0.0,0.0,0.0,,6/18,owingch01
557,Hector Perez,0,2023,27,TBR,AL,0,0,,0,27.00,1,0,0,0,0,0.1,3,1,1,0,1,0,0,0,0,0,5,32,12.26,12.000,81.0,0.0,27.0,0.0,0.00,,perezhe02
558,Carlos Pérez,0,2023,32,OAK,AL,0,0,,0,10.80,2,0,0,0,0,1.2,4,2,2,1,2,0,0,0,0,0,10,46,14.66,3.600,21.6,5.4,10.8,0.0,0.00,2H3D/17,perezca02
559,Brett Phillips,0,2023,29,LAA,AL,0,0,,0,0.00,1,0,0,0,0,0.1,1,0,0,0,1,0,0,0,0,0,3,,12.26,6.000,27.0,0.0,27.0,0.0,0.00,8H/971D,phillbr02
560,Riley Pint,0,2023,25,COL,NL,0,0,,0,27.00,1,0,0,0,0,0.1,1,1,1,0,3,0,0,0,0,0,5,36,30.26,12.000,27.0,0.0,81.0,0.0,0.00,,pintri01
561,René Pinto,0,2023,26,TBR,AL,0,0,,0,45.00,1,0,0,0,0,1.0,5,5,5,3,0,0,0,0,0,0,8,13,42.26,5.000,45.0,27.0,0.0,0.0,,2/1,pintore02
562,Johan Quezada,0,2023,28,MIA,NL,0,0,,0,40.50,1,0,0,0,0,0.2,1,3,3,0,5,0,0,0,0,0,8,17,25.76,9.000,13.5,0.0,67.5,0.0,0.00,,quezajo01
563,Pablo Reyes,0,2023,29,BOS,AL,0,0,,0,4.50,2,0,0,0,0,2.0,3,1,1,0,4,0,0,0,0,1,13,118,9.26,3.500,13.5,0.0,18.0,0.0,0.00,64H/513D,reyespa01
564,Miguel Rojas,0,2023,34,LAD,NL,0,0,,0,6.00,3,0,0,0,0,3.0,3,2,2,0,1,0,0,1,0,0,14,81,5.26,1.333,9.0,0.0,3.0,0.0,0.00,*6H/1D45,rojasmi02
565,Ildemaro Vargas,0,2023,31,WSN,NL,0,0,,0,4.50,2,0,0,0,0,2.0,2,1,1,1,1,0,0,1,0,0,10,113,12.76,1.500,9.0,4.5,4.5,0.0,0.00,546H7/19,vargail01
566,David Villar,0,2023,26,SFG,NL,0,0,,0,0.00,1,0,0,0,0,1.0,0,0,0,0,1,0,0,0,0,0,3,,6.26,1.000,0.0,0.0,9.0,0.0,0.00,45/3HD1,villada01
567,Jason Vosler,0,2023,29,CIN,NL,0,0,,0,4.50,2,0,0,0,0,2.0,5,1,1,0,0,0,0,0,0,0,11,118,3.26,2.500,22.5,0.0,0.0,0.0,,3/51H,vosleja01
568,Luke Williams,0,2023,26,ATLLAD,NL,0,0,,0,0.00,1,0,0,0,0,1.0,0,0,0,0,0,0,0,0,0,0,3,,3.26,0.000,0.0,0.0,0.0,0.0,,/H65137D,willilu01
569,Brett Wisely,0,2023,24,SFG,NL,0,0,,0,9.00,1,0,0,0,0,1.0,1,1,1,1,0,0,0,0,0,0,4,64,16.26,1.000,9.0,9.0,0.0,0.0,,48/H167,wiselbr01
570,Jake Wong,0,2023,26,CIN,NL,0,0,,0,9.00,1,0,0,0,0,3.0,6,3,3,0,3,0,0,0,0,0,15,56,6.26,3.000,18.0,0.0,9.0,0.0,0.00,,wongja01
571,Randy Wynne,0,2023,30,CIN,NL,0,1,.000,1,3.86,1,0,0,0,0,2.1,3,1,1,0,1,0,0,0,0,1,11,135,4.54,1.714,11.6,0.0,3.9,0.0,0.00,,wynnera01
572,Seby Zavala,0,2023,29,ARICHW,ALNL,0,0,,0,0.00,1,0,0,0,0,0.2,0,0,0,0,0,0,0,0,0,0,2,,3.26,0.000,0.0,0.0,0.0,0.0,,2/H1,zavalse01
